Protein,Protein_definition,Disease_category,Disease,NB_individual,NB_case,OR[95%CI],P_value
GAS6,Growth arrest-specific protein 6,Chapter I Certain infectious and parasitic diseases,Certain infectious and parasitic diseases,20411,830,1.92 [1.50-2.46],2.115946217277769e-07
GAS6,Growth arrest-specific protein 6,Chapter I Certain infectious and parasitic diseases,Implicit bacterial Sepsis,19769,245,2.36 [1.50-3.71],0.0002157591479945
GAS6,Growth arrest-specific protein 6,Chapter I Certain infectious and parasitic diseases,Intestinal infectious diseases,22630,144,1.58 [0.89-2.81],0.1156330017226116
GAS6,Growth arrest-specific protein 6,Chapter I Certain infectious and parasitic diseases,Implicit Sepsis,15249,828,2.31 [1.78-2.99],2.1010078240965704e-10
GAS6,Growth arrest-specific protein 6,Chapter I Certain infectious and parasitic diseases,Other bacterial intestinal infections,22589,103,1.34 [0.68-2.64],0.3994195430441468
GAS6,Growth arrest-specific protein 6,Chapter I Certain infectious and parasitic diseases,Explicit Sepsis,20497,92,2.98 [1.44-6.19],0.0033937243977914
GAS6,Growth arrest-specific protein 6,Chapter I Certain infectious and parasitic diseases,"Bacterial intestinal infections, IBD co-morbidities",23649,102,1.40 [0.71-2.76],0.3306269203160854
GAS6,Growth arrest-specific protein 6,Chapter I Certain infectious and parasitic diseases,Other specified/unspecified bacterial intestinal infections,23661,70,0.87 [0.38-2.00],0.7493128317765234
GAS6,Growth arrest-specific protein 6,Chapter I Certain infectious and parasitic diseases,Implicit viral Sepsis,20064,51,4.84 [1.87-12.56],0.0011808298072924
GAS6,Growth arrest-specific protein 6,Chapter I Certain infectious and parasitic diseases,Other bacterial diseases,22656,122,1.96 [1.05-3.65],0.0333494105504
GAS6,Growth arrest-specific protein 6,Chapter I Certain infectious and parasitic diseases,Other septicaemia,22619,85,3.22 [1.56-6.65],0.0015814201425061
GAS6,Growth arrest-specific protein 6,Chapter I Certain infectious and parasitic diseases,Viral infections characterized by skin and mucous membrane lesions,23741,58,2.55 [1.04-6.22],0.0400346408734281
GAS6,Growth arrest-specific protein 6,Chapter I Certain infectious and parasitic diseases,Other viral diseases,23764,66,2.56 [1.12-5.88],0.0262299992645172
GAS6,Growth arrest-specific protein 6,Chapter I Certain infectious and parasitic diseases,"Other viral diseases, not elsewhere classified",23756,58,2.31 [0.95-5.63],0.0658162873004029
GAS6,Growth arrest-specific protein 6,Chapter I Certain infectious and parasitic diseases,Mycoses,23414,42,1.93 [0.68-5.54],0.2194859804989472
GAS6,Growth arrest-specific protein 6,Chapter I Certain infectious and parasitic diseases,"Bacterial, viral and other infectious agents",22474,395,1.84 [1.30-2.61],0.0005348961051565
GAS6,Growth arrest-specific protein 6,Chapter I Certain infectious and parasitic diseases,Streptococcus and staphylococcus as the cause of diseases classified to other chapters,22231,152,2.29 [1.32-3.96],0.0031328904493908
GAS6,Growth arrest-specific protein 6,Chapter I Certain infectious and parasitic diseases,Other bacterial agents as the cause of diseases classified to other chapters,22350,271,1.73 [1.14-2.63],0.0096657004279498
GAS6,Growth arrest-specific protein 6,Chapter II Neoplasms,"Malignant neoplasm of colon, excluding all cancers (controls excluding all cancers)",18552,80,0.64 [0.29-1.41],0.2657710792790142
GAS6,Growth arrest-specific protein 6,Chapter II Neoplasms,"Malignant melanoma of skin, excluding all cancers (controls excluding all cancers)",18521,49,0.34 [0.12-0.93],0.0361081198059191
GAS6,Growth arrest-specific protein 6,Chapter II Neoplasms,"Other malignant neoplasms of skin (=non-melanoma skin cancer), excluding all cancers (controls excluding all cancers)",18743,271,0.98 [0.63-1.51],0.9118731860585768
GAS6,Growth arrest-specific protein 6,Chapter II Neoplasms,"Squamous cell neoplasms and carcinomas of the skin, excluding all cancers (controls excluding all cancers)",18752,280,0.93 [0.61-1.43],0.7484851745718428
GAS6,Growth arrest-specific protein 6,Chapter II Neoplasms,"Malignant neoplasm of prostate, excluding all cancers (controls excluding all cancers)",18709,237,1.20 [0.76-1.91],0.4393188559246709
GAS6,Growth arrest-specific protein 6,Chapter II Neoplasms,"Non-Hodgkin lymphoma, all, excluding all cancers (controls excluding all cancers)",18527,55,3.32 [1.36-8.08],0.0081876991705672
GAS6,Growth arrest-specific protein 6,Chapter III Diseases of the blood and blood-forming organs and certain disorders involving the immune mechanism,Diseases of the blood and blood-forming organs and certain disorders involving the immune mechanism,21098,563,2.57 [1.91-3.46],4.146823345070012e-10
GAS6,Growth arrest-specific protein 6,Chapter II Neoplasms,"Benign neoplasm of colon, rectum, anus and anal canal",22235,379,1.20 [0.83-1.72],0.3251717792039691
GAS6,Growth arrest-specific protein 6,Chapter II Neoplasms,Benign neoplasm: Sigmoid colon,23154,127,1.07 [0.58-2.00],0.8244710188780519
GAS6,Growth arrest-specific protein 6,Chapter II Neoplasms,"Benign neoplasm: Colon, unspecified",23802,132,1.94 [1.07-3.53],0.0286990806171514
GAS6,Growth arrest-specific protein 6,Chapter II Neoplasms,Benign neoplasm: Rectum,23465,77,1.08 [0.49-2.38],0.851051708997539
GAS6,Growth arrest-specific protein 6,Chapter II Neoplasms,Benign neoplasm of other and ill-defined parts of digestive system,23817,66,1.93 [0.82-4.53],0.1319472076831908
GAS6,Growth arrest-specific protein 6,Chapter II Neoplasms,Benign neoplasm: Stomach,23865,48,1.01 [0.37-2.82],0.9780409969929644
GAS6,Growth arrest-specific protein 6,Chapter II Neoplasms,Benign lipomatous neoplasm,23539,319,0.80 [0.54-1.18],0.2555568676816325
GAS6,Growth arrest-specific protein 6,Chapter II Neoplasms,Benign lipomatous neoplasm of skin and subcutaneous tissue of trunk,23829,109,1.24 [0.64-2.39],0.5262405941967343
GAS6,Growth arrest-specific protein 6,Chapter II Neoplasms,Benign lipomatous neoplasm of skin and subcutaneous tissue of limbs,23838,75,1.01 [0.45-2.27],0.9717397603558876
GAS6,Growth arrest-specific protein 6,Chapter II Neoplasms,"Haemangioma and lymphangioma, any site",23784,33,0.99 [0.29-3.35],0.9857344291638028
GAS6,Growth arrest-specific protein 6,Chapter II Neoplasms,"Haemangioma, any site",23787,33,0.99 [0.29-3.36],0.9864333553581488
GAS6,Growth arrest-specific protein 6,Chapter II Neoplasms,Melanocytic naevi,23713,131,0.58 [0.31-1.06],0.0783476809015294
GAS6,Growth arrest-specific protein 6,Chapter II Neoplasms,Melanocytic naevi of other and unspecified parts of face,23846,54,0.65 [0.25-1.70],0.3826192077617141
GAS6,Growth arrest-specific protein 6,Chapter II Neoplasms,Other benign neoplasms of skin,23745,137,0.67 [0.37-1.22],0.1878984956730611
GAS6,Growth arrest-specific protein 6,Chapter III Diseases of the blood and blood-forming organs and certain disorders involving the immune mechanism,Other and unspecified iron deficiency,22662,124,2.07 [1.12-3.83],0.0206599974521832
GAS6,Growth arrest-specific protein 6,Chapter III Diseases of the blood and blood-forming organs and certain disorders involving the immune mechanism,Other anaemias,22291,259,2.82 [1.84-4.32],2.0570644037367585e-06
GAS6,Growth arrest-specific protein 6,Chapter III Diseases of the blood and blood-forming organs and certain disorders involving the immune mechanism,Other and unspecified anaemias,22291,259,2.82 [1.84-4.32],2.0570644037367585e-06
GAS6,Growth arrest-specific protein 6,Chapter I Certain infectious and parasitic diseases,Condition for Implicit Sepsis (Organ dysfunction codes),20042,519,1.46 [1.07-2.01],0.0187516446158065
GAS6,Growth arrest-specific protein 6,Chapter III Diseases of the blood and blood-forming organs and certain disorders involving the immune mechanism,Agranulocytosis,23336,41,3.33 [1.19-9.33],0.0217534471719739
GAS6,Growth arrest-specific protein 6,"Chapter IV Endocrine, nutritional and metabolic diseases",Disorders of other endocrine glands,23603,60,2.74 [1.15-6.49],0.0222689415021029
GAS6,Growth arrest-specific protein 6,"Chapter IV Endocrine, nutritional and metabolic diseases",Metabolic disorders,18663,1453,1.23 [1.01-1.50],0.0377059372150052
GAS6,Growth arrest-specific protein 6,"Chapter IV Endocrine, nutritional and metabolic diseases",Disorders of the thyroid gland,23143,179,1.46 [0.87-2.45],0.1555584019488392
GAS6,Growth arrest-specific protein 6,"Chapter IV Endocrine, nutritional and metabolic diseases",Type 1 diabetes,21059,150,,
GAS6,Growth arrest-specific protein 6,Chapter IX Diseases of the circulatory system,Peripheral artery disease,22489,166,3.47 [2.07-5.79],2.1144647177961187e-06
GAS6,Growth arrest-specific protein 6,"Chapter IV Endocrine, nutritional and metabolic diseases",Type 1 diabetes without complications,21043,134,,
GAS6,Growth arrest-specific protein 6,"Chapter IV Endocrine, nutritional and metabolic diseases",Type 2 diabetes,21610,701,2.20 [1.67-2.89],2.1548956598747105e-08
GAS6,Growth arrest-specific protein 6,"Chapter IV Endocrine, nutritional and metabolic diseases",Type 2 diabetes without complications,21583,674,2.04 [1.54-2.70],6.735277360174678e-07
GAS6,Growth arrest-specific protein 6,"Chapter IV Endocrine, nutritional and metabolic diseases",Obesity,22090,175,0.58 [0.32-1.03],0.0630487958624724
GAS6,Growth arrest-specific protein 6,"Chapter IV Endocrine, nutritional and metabolic diseases","Obesity, other/unspecified",22090,174,0.59 [0.33-1.05],0.072594434885164
GAS6,Growth arrest-specific protein 6,"Chapter IV Endocrine, nutritional and metabolic diseases",Disorders of lipoprotein metabolism and other lipidaemias,18510,1300,1.07 [0.86-1.32],0.5463101503658738
GAS6,Growth arrest-specific protein 6,"Chapter IV Endocrine, nutritional and metabolic diseases","Hyperlipidaemia, other/unspecified",17391,181,1.42 [0.83-2.42],0.198702076849769
GAS6,Growth arrest-specific protein 6,"Chapter IV Endocrine, nutritional and metabolic diseases",Pure hypercholesterolaemia,18409,1199,1.07 [0.86-1.33],0.5308845440067886
GAS6,Growth arrest-specific protein 6,"Chapter IV Endocrine, nutritional and metabolic diseases",Volume depletion,17261,51,1.29 [0.48-3.46],0.6177812645485605
GAS6,Growth arrest-specific protein 6,"Chapter IV Endocrine, nutritional and metabolic diseases","Other disorders of fluid, electrolyte and acid-base balance",17308,98,7.35 [3.85-14.05],1.589702010267652e-09
GAS6,Growth arrest-specific protein 6,Chapter V Mental and behavioural disorders,Any mental disorder,20243,691,2.17 [1.66-2.85],1.6055922644177285e-08
GAS6,Growth arrest-specific protein 6,Chapter V Mental and behavioural disorders,"Substance abuse, excluding more controls",19892,340,3.00 [2.06-4.36],9.005274075466462e-09
GAS6,Growth arrest-specific protein 6,Chapter V Mental and behavioural disorders,"Mental and behavioural disorders due to alcohol, excluding acute intoxication",23296,263,3.02 [2.01-4.52],8.529886867262195e-08
GAS6,Growth arrest-specific protein 6,Chapter V Mental and behavioural disorders,"Alcohol use disorder, ICD-based",23387,202,2.98 [1.89-4.70],2.647126928199576e-06
GAS6,Growth arrest-specific protein 6,Chapter V Mental and behavioural disorders,Acute alcohol intoxication,21753,79,4.89 [2.43-9.83],8.399517007162678e-06
GAS6,Growth arrest-specific protein 6,Chapter V Mental and behavioural disorders,"Acute alcohol intoxication, ICD10",23723,79,3.95 [2.00-7.81],7.531442317529411e-05
GAS6,Growth arrest-specific protein 6,Chapter V Mental and behavioural disorders,"Alcohol abuse, main dg, excluding more controls",19631,79,5.28 [2.54-10.98],8.681112787134108e-06
GAS6,Growth arrest-specific protein 6,Chapter V Mental and behavioural disorders,Alcohol dependence,21790,116,2.90 [1.60-5.25],0.0004538953386667
GAS6,Growth arrest-specific protein 6,Chapter V Mental and behavioural disorders,Smoking dependency,21787,84,2.17 [1.03-4.61],0.0426540449576943
GAS6,Growth arrest-specific protein 6,Chapter V Mental and behavioural disorders,"Schizophrenia or delusion, excluding more controls",19617,65,2.69 [1.17-6.19],0.0203360338099528
GAS6,Growth arrest-specific protein 6,Chapter V Mental and behavioural disorders,"Mood disorders, excluding more controls",19824,272,2.00 [1.32-3.04],0.0011931397788162
GAS6,Growth arrest-specific protein 6,Chapter V Mental and behavioural disorders,Depression,22665,233,1.79 [1.15-2.78],0.0101509743833624
GAS6,Growth arrest-specific protein 6,Chapter V Mental and behavioural disorders,Depression or dysthymia,19529,200,2.08 [1.28-3.39],0.0030371869651437
GAS6,Growth arrest-specific protein 6,Chapter V Mental and behavioural disorders,"Anxiety disorders, excluding more controls",19657,105,1.11 [0.56-2.20],0.7678966339760547
GAS6,Growth arrest-specific protein 6,Chapter V Mental and behavioural disorders,Other anxiety disorders,22861,56,1.01 [0.40-2.56],0.9761028579500872
GAS6,Growth arrest-specific protein 6,Chapter VI Diseases of the nervous system,Neurological diseases,20184,1327,1.15 [0.94-1.41],0.165991157170499
GAS6,Growth arrest-specific protein 6,Chapter VI Diseases of the nervous system,Other degenerative diseases of the nervous system,18160,83,0.81 [0.37-1.76],0.596672907665148
GAS6,Growth arrest-specific protein 6,Chapter VI Diseases of the nervous system,MS-disease / Multiple Sclerosis,23766,59,0.87 [0.35-2.15],0.7567959284178751
GAS6,Growth arrest-specific protein 6,Chapter VI Diseases of the nervous system,Episodal and paroxysmal disorders,22514,545,1.22 [0.90-1.65],0.1929316490050721
GAS6,Growth arrest-specific protein 6,Chapter VI Diseases of the nervous system,Epilepsy,22136,167,2.17 [1.29-3.65],0.0034642399880322
GAS6,Growth arrest-specific protein 6,Chapter VI Diseases of the nervous system,Migraine,22000,31,1.32 [0.38-4.59],0.6623384166517452
GAS6,Growth arrest-specific protein 6,Chapter VI Diseases of the nervous system,"Migraine, unspecified, drug-induced",23705,27,1.51 [0.41-5.62],0.5395924753135194
GAS6,Growth arrest-specific protein 6,Chapter IX Diseases of the circulatory system,Transient ischemic attack,22891,99,0.73 [0.36-1.50],0.3928701203297787
GAS6,Growth arrest-specific protein 6,Chapter VI Diseases of the nervous system,Other sleep disorders,22211,242,0.87 [0.55-1.37],0.5513735507529722
GAS6,Growth arrest-specific protein 6,Chapter VI Diseases of the nervous system,Sleep apnoea,23127,191,0.81 [0.49-1.34],0.4130482987295716
GAS6,Growth arrest-specific protein 6,Chapter VI Diseases of the nervous system,"Nerve, nerve root and plexus disorders",22895,476,1.23 [0.89-1.69],0.2174334156733025
GAS6,Growth arrest-specific protein 6,Chapter VI Diseases of the nervous system,"Other and unspecified nerve root and plexus disorders, also in other diseases",22542,123,0.80 [0.42-1.49],0.4772173097546932
GAS6,Growth arrest-specific protein 6,Chapter VI Diseases of the nervous system,Carpal tunnel syndrome,22641,222,2.04 [1.28-3.25],0.0026165269805547
GAS6,Growth arrest-specific protein 6,Chapter VI Diseases of the nervous system,Cerebral palsy and other paralytic syndromes,23520,90,0.71 [0.35-1.48],0.364794337431974
GAS6,Growth arrest-specific protein 6,Chapter VI Diseases of the nervous system,Hemiplegia,23489,59,0.75 [0.31-1.83],0.5307137498541846
GAS6,Growth arrest-specific protein 6,Chapter VI Diseases of the nervous system,Other neurological diseases,23363,121,0.76 [0.40-1.43],0.3888887228419749
GAS6,Growth arrest-specific protein 6,"Chapter VII Diseases of the eye, adnexa, ear and mastoid process","Disorders of eyelid, lacrimal system and orbit",23268,310,0.83 [0.56-1.23],0.3534918638099854
GAS6,Growth arrest-specific protein 6,"Chapter VII Diseases of the eye, adnexa, ear and mastoid process",Other disorders of eyelid,23134,176,0.86 [0.51-1.46],0.5880993880117074
GAS6,Growth arrest-specific protein 6,"Chapter VII Diseases of the eye, adnexa, ear and mastoid process",Chalazion,23038,80,0.90 [0.41-1.97],0.7972331702161505
GAS6,Growth arrest-specific protein 6,"Chapter VII Diseases of the eye, adnexa, ear and mastoid process",Other specified and unspecified  disorders of eyelid,23065,107,0.63 [0.32-1.25],0.1889879303596562
GAS6,Growth arrest-specific protein 6,"Chapter VII Diseases of the eye, adnexa, ear and mastoid process",Disorders of lacrimal system,23008,50,1.01 [0.38-2.70],0.9854708227658124
GAS6,Growth arrest-specific protein 6,"Chapter VII Diseases of the eye, adnexa, ear and mastoid process",Senile cataract,20857,145,2.51 [1.43-4.39],0.0012757094582991
GAS6,Growth arrest-specific protein 6,"Chapter VII Diseases of the eye, adnexa, ear and mastoid process",Other cataract,21097,385,1.89 [1.32-2.70],0.0004472103110602
GAS6,Growth arrest-specific protein 6,"Chapter VII Diseases of the eye, adnexa, ear and mastoid process",Disorders of choroid and retina,22892,257,2.24 [1.45-3.44],0.0002440380385467
GAS6,Growth arrest-specific protein 6,"Chapter VII Diseases of the eye, adnexa, ear and mastoid process",Background diabetic retinopathy,23457,72,6.98 [3.27-14.88],4.979778564965448e-07
GAS6,Growth arrest-specific protein 6,"Chapter VII Diseases of the eye, adnexa, ear and mastoid process",Diabetic maculopathy,2618,72,4.77 [2.25-10.10],4.538533778267102e-05
GAS6,Growth arrest-specific protein 6,"Chapter VII Diseases of the eye, adnexa, ear and mastoid process","Diabetic maculopathy, excluding more controls",20911,72,8.29 [3.75-18.33],1.7115901931946482e-07
GAS6,Growth arrest-specific protein 6,"Chapter VII Diseases of the eye, adnexa, ear and mastoid process",Glaucoma,23201,98,1.52 [0.76-3.03],0.2372588066123968
GAS6,Growth arrest-specific protein 6,"Chapter VII Diseases of the eye, adnexa, ear and mastoid process",Other and unspecified glaucoma,23155,52,2.55 [1.01-6.44],0.0477514929848694
GAS6,Growth arrest-specific protein 6,"Chapter VII Diseases of the eye, adnexa, ear and mastoid process","Disorders of ocular muscles, binocular movement, accommodation and refraction",23319,79,1.16 [0.53-2.53],0.7168382026180893
GAS6,Growth arrest-specific protein 6,"Chapter VII Diseases of the eye, adnexa, ear and mastoid process",Visual disturbances,23339,94,1.09 [0.53-2.25],0.8059694072020609
GAS6,Growth arrest-specific protein 6,"Chapter VII Diseases of the eye, adnexa, ear and mastoid process",Diseases of middle ear and mastoid,23770,136,1.01 [0.56-1.83],0.978020388351068
GAS6,Growth arrest-specific protein 6,"Chapter VII Diseases of the eye, adnexa, ear and mastoid process",Other disorders of ear,22908,97,nan [nan-nan],
GAS6,Growth arrest-specific protein 6,Chapter IX Diseases of the circulatory system,Death due to cardiac causes,16085,3783,1.61 [1.39-1.87],1.7065649499120126e-10
GAS6,Growth arrest-specific protein 6,Chapter IX Diseases of the circulatory system,Rheumatic valve diseases,23165,60,0.50 [0.20-1.25],0.1393494422051015
GAS6,Growth arrest-specific protein 6,Chapter IX Diseases of the circulatory system,"Hypertension, essential",16982,2471,2.14 [1.80-2.54],2.0128799386982442e-18
GAS6,Growth arrest-specific protein 6,Chapter IX Diseases of the circulatory system,Hypertension,17028,2517,2.23 [1.89-2.65],1.0882647462764063e-20
GAS6,Growth arrest-specific protein 6,Chapter IX Diseases of the circulatory system,Hypertensive Renal Disease,14621,110,,
GAS6,Growth arrest-specific protein 6,Chapter IX Diseases of the circulatory system,"Ischaemic heart disease, wide definition",21133,1684,1.32 [1.10-1.59],0.0033132035772363
GAS6,Growth arrest-specific protein 6,Chapter IX Diseases of the circulatory system,Angina pectoris,20391,942,1.30 [1.02-1.65],0.032266265709851
GAS6,Growth arrest-specific protein 6,Chapter IX Diseases of the circulatory system,Unstable angina pectoris,22425,340,1.72 [1.18-2.50],0.0050428102855751
GAS6,Growth arrest-specific protein 6,Chapter IX Diseases of the circulatory system,Major coronary heart disease event,22822,737,1.61 [1.24-2.09],0.0003764075146631
GAS6,Growth arrest-specific protein 6,Chapter IX Diseases of the circulatory system,"Myocardial infarction, with ST-elevation",23663,162,1.69 [0.98-2.91],0.0579122886181312
GAS6,Growth arrest-specific protein 6,Chapter IX Diseases of the circulatory system,"Myocardial infarction, strict",19951,502,1.67 [1.21-2.31],0.0016874240108568
GAS6,Growth arrest-specific protein 6,Chapter IX Diseases of the circulatory system,Coronary atherosclerosis,20864,1439,1.31 [1.07-1.60],0.0077187203907156
GAS6,Growth arrest-specific protein 6,Chapter IX Diseases of the circulatory system,Pulmonary embolism,22987,123,0.34 [0.18-0.64],0.000831939509783
GAS6,Growth arrest-specific protein 6,Chapter IX Diseases of the circulatory system,Venous thromboembolism,23094,245,0.62 [0.40-0.97],0.0382362661769363
GAS6,Growth arrest-specific protein 6,Chapter IX Diseases of the circulatory system,Secondary right heart disease,22945,81,0.31 [0.14-0.66],0.0026620897367455
GAS6,Growth arrest-specific protein 6,Chapter IX Diseases of the circulatory system,Other pulmonary heart/vessel disease,22947,83,0.31 [0.14-0.65],0.0021137935151903
GAS6,Growth arrest-specific protein 6,Chapter IX Diseases of the circulatory system,"Hypertension, Pulmonary Arterial",14588,77,0.36 [0.16-0.81],0.013509744679364
GAS6,Growth arrest-specific protein 6,Chapter IX Diseases of the circulatory system,Cardiomyopathy,18650,78,0.29 [0.13-0.64],0.0022397420440223
GAS6,Growth arrest-specific protein 6,Chapter IX Diseases of the circulatory system,Conduction disorders,18740,168,0.97 [0.56-1.68],0.9159477567604316
GAS6,Growth arrest-specific protein 6,Chapter IX Diseases of the circulatory system,Paroxysmal tachycardia,11766,134,0.67 [0.35-1.26],0.2125210554968967
GAS6,Growth arrest-specific protein 6,Chapter IX Diseases of the circulatory system,Atrial fibrillation and flutter,12242,610,0.61 [0.45-0.84],0.0021399947264776
GAS6,Growth arrest-specific protein 6,Chapter IX Diseases of the circulatory system,Other arrhythmias,18657,85,1.24 [0.57-2.67],0.5906730929433683
GAS6,Growth arrest-specific protein 6,Chapter IX Diseases of the circulatory system,Other or ill-defined heart diseases,18697,125,0.99 [0.53-1.88],0.9837403353345656
GAS6,Growth arrest-specific protein 6,Chapter IX Diseases of the circulatory system,"Heart failure, strict",22553,316,0.89 [0.60-1.32],0.5577508115644412
GAS6,Growth arrest-specific protein 6,Chapter IX Diseases of the circulatory system,"Stroke, including SAH",22827,187,1.80 [1.09-2.98],0.0217739245039275
GAS6,Growth arrest-specific protein 6,Chapter IX Diseases of the circulatory system,"Stroke, excluding SAH",22855,169,1.61 [0.94-2.73],0.0801096195137529
GAS6,Growth arrest-specific protein 6,Chapter IX Diseases of the circulatory system,"Ischaemic Stroke, excluding all haemorrhages",22942,150,1.42 [0.81-2.50],0.2204761155121651
GAS6,Growth arrest-specific protein 6,Chapter IX Diseases of the circulatory system,Other diseases of arteries and capillaries,22459,88,1.51 [0.72-3.13],0.2729330150442033
GAS6,Growth arrest-specific protein 6,Chapter IX Diseases of the circulatory system,Other peripheral vascular diseases,22518,147,2.92 [1.69-5.03],0.00011892782895
GAS6,Growth arrest-specific protein 6,Chapter IX Diseases of the circulatory system,Phlebitis and thrombophlebitis (not including DVT),22521,152,0.82 [0.46-1.44],0.4863893962738522
GAS6,Growth arrest-specific protein 6,Chapter IX Diseases of the circulatory system,DVT of lower extremities,22505,136,0.65 [0.36-1.19],0.1661458213523182
GAS6,Growth arrest-specific protein 6,Chapter IX Diseases of the circulatory system,"!Phlebitis/thrombophlebitis venae iliacae [externae/internae/communis], drug-induced",23632,128,0.69 [0.37-1.29],0.2477218230746085
GAS6,Growth arrest-specific protein 6,Chapter IX Diseases of the circulatory system,Varicose veins,22713,344,0.94 [0.64-1.37],0.7404845108366667
GAS6,Growth arrest-specific protein 6,Chapter IX Diseases of the circulatory system,Hypotension,22578,80,0.98 [0.44-2.18],0.967646090061747
GAS6,Growth arrest-specific protein 6,Chapter X Diseases of the respiratory system,Diseases of the respiratory system,18603,2025,1.44 [1.22-1.70],1.435820025092086e-05
GAS6,Growth arrest-specific protein 6,Chapter X Diseases of the respiratory system,Acute upper respiratory infections,23693,87,1.31 [0.63-2.74],0.4645550270444821
GAS6,Growth arrest-specific protein 6,Chapter X Diseases of the respiratory system,Influenza and pneumonia,21731,253,1.46 [0.94-2.27],0.0905381003645464
GAS6,Growth arrest-specific protein 6,Chapter X Diseases of the respiratory system,"Pneumonia, organism unspecified",21694,216,1.69 [1.05-2.72],0.0306145195956237
GAS6,Growth arrest-specific protein 6,Chapter X Diseases of the respiratory system,Other acute lower respiratory infections,22875,276,1.10 [0.72-1.66],0.6627936251154158
GAS6,Growth arrest-specific protein 6,Chapter X Diseases of the respiratory system,Unspecified acute lower respiratory infection,22872,273,1.10 [0.72-1.67],0.6647258399959932
GAS6,Growth arrest-specific protein 6,Chapter X Diseases of the respiratory system,Other diseases of upper respiratory tract,23010,660,1.12 [0.85-1.48],0.4038646826431525
GAS6,Growth arrest-specific protein 6,Chapter X Diseases of the respiratory system,Chronic sinusitis,22425,75,1.09 [0.50-2.41],0.825688630239287
GAS6,Growth arrest-specific protein 6,Chapter X Diseases of the respiratory system,Nasal polyp,22516,166,1.13 [0.65-1.95],0.6647116421366642
GAS6,Growth arrest-specific protein 6,Chapter X Diseases of the respiratory system,"Diseases of vocal cords and larynx+other diseases of upper respiratory tract, no elsewhere classified",22781,431,0.97 [0.70-1.37],0.8818823358987442
GAS6,Growth arrest-specific protein 6,Chapter X Diseases of the respiratory system,Deviated nasal septum,22578,228,1.19 [0.75-1.88],0.4680177002137828
GAS6,Growth arrest-specific protein 6,Chapter X Diseases of the respiratory system,Vocal cord dysfunction,10323,62,0.73 [0.28-1.88],0.5147001318904667
GAS6,Growth arrest-specific protein 6,Chapter X Diseases of the respiratory system,Chronic lower respiratory diseases,21327,860,1.62 [1.28-2.06],7.862708351316958e-05
GAS6,Growth arrest-specific protein 6,Chapter X Diseases of the respiratory system,Early onset COPD,22541,195,2.17 [1.33-3.52],0.0018227628101389
GAS6,Growth arrest-specific protein 6,Chapter X Diseases of the respiratory system,"COPD, hospital admissions 1, only main diagnosis",22574,228,2.11 [1.34-3.32],0.0013070333387605
GAS6,Growth arrest-specific protein 6,Chapter X Diseases of the respiratory system,"Other chronic obstructive pulmonary disease, including avohilmo",22574,228,2.11 [1.34-3.32],0.0013070333387605
GAS6,Growth arrest-specific protein 6,Chapter X Diseases of the respiratory system,"Asthma, hospital admissions , main diagnosis only",22447,671,1.38 [1.05-1.80],0.0197810648296232
GAS6,Growth arrest-specific protein 6,Chapter X Diseases of the respiratory system,Asthma,16222,671,1.58 [1.19-2.08],0.0014625016087611
GAS6,Growth arrest-specific protein 6,Chapter X Diseases of the respiratory system,"Asthma, excluding more controls",15876,671,1.57 [1.19-2.08],0.0016210633817644
GAS6,Growth arrest-specific protein 6,Chapter X Diseases of the respiratory system,"Asthma, unspecified (mode)",16212,661,1.56 [1.18-2.07],0.0019818955209524
GAS6,Growth arrest-specific protein 6,Chapter X Diseases of the respiratory system,Other respiratory diseases principally affecting the interstitium,23434,99,1.15 [0.57-2.33],0.6962626843101748
GAS6,Growth arrest-specific protein 6,Chapter X Diseases of the respiratory system,Interstitial lung disease,22685,78,1.30 [0.59-2.87],0.5211466045678768
GAS6,Growth arrest-specific protein 6,Chapter X Diseases of the respiratory system,"ILD, hospital admissions",23515,78,1.28 [0.58-2.83],0.5401255690767037
GAS6,Growth arrest-specific protein 6,Chapter X Diseases of the respiratory system,Idiopathic pulmonary fibrosis,22678,71,1.57 [0.68-3.59],0.2907279674396243
GAS6,Growth arrest-specific protein 6,Chapter X Diseases of the respiratory system,Pleural effusion,21527,135,1.67 [0.91-3.07],0.096843507045016
GAS6,Growth arrest-specific protein 6,Chapter X Diseases of the respiratory system,Other diseases of pleura,21680,288,1.51 [1.00-2.29],0.0507344459601951
GAS6,Growth arrest-specific protein 6,Chapter X Diseases of the respiratory system,Other respiratory disorders and diseases,22494,128,1.43 [0.78-2.64],0.2468543000129497
GAS6,Growth arrest-specific protein 6,Chapter XI Diseases of the digestive system,Gastrointestinal diseases,15886,5638,1.31 [1.17-1.48],8.033330055722207e-06
GAS6,Growth arrest-specific protein 6,Chapter XI Diseases of the digestive system,"Diseases of oral cavity, salivary glands and jaws",23370,367,1.12 [0.78-1.61],0.5501658639970506
GAS6,Growth arrest-specific protein 6,Chapter XI Diseases of the digestive system,Embedded and impacted teeth,23836,80,1.18 [0.54-2.58],0.6860765966516559
GAS6,Growth arrest-specific protein 6,Chapter XI Diseases of the digestive system,Impacted teeth,23839,77,1.32 [0.59-2.93],0.5014451098734468
GAS6,Growth arrest-specific protein 6,Chapter XI Diseases of the digestive system,Dental caries,23113,110,1.14 [0.59-2.19],0.6979830780859342
GAS6,Growth arrest-specific protein 6,Chapter XI Diseases of the digestive system,Diseases of pulp and periapical tissues,23084,81,1.26 [0.58-2.74],0.555697903774051
GAS6,Growth arrest-specific protein 6,Chapter XI Diseases of the digestive system,Palatinal maxillary canine,23826,89,1.08 [0.51-2.28],0.8389651840136867
GAS6,Growth arrest-specific protein 6,Chapter XI Diseases of the digestive system,Other disorders of teeth and supporting structures,23079,76,1.07 [0.48-2.39],0.8755707634834216
GAS6,Growth arrest-specific protein 6,Chapter XI Diseases of the digestive system,Other diseases of lip and oral mucosa,22851,78,1.42 [0.65-3.13],0.3798345694697733
GAS6,Growth arrest-specific protein 6,Chapter XI Diseases of the digestive system,Oral lichen ruber planus,23771,56,0.74 [0.29-1.88],0.5215662302331373
GAS6,Growth arrest-specific protein 6,Chapter XI Diseases of the digestive system,Gastroduodenal ulcer,18261,328,1.64 [1.11-2.41],0.0126442097236748
GAS6,Growth arrest-specific protein 6,Chapter XI Diseases of the digestive system,"Diseases of oesophagus, stomach and duodenum",19949,2016,1.32 [1.12-1.56],0.0010431323157662
GAS6,Growth arrest-specific protein 6,Chapter XI Diseases of the digestive system,Oesophagitis,18326,393,1.43 [1.00-2.04],0.0525833646799891
GAS6,Growth arrest-specific protein 6,Chapter XI Diseases of the digestive system,Gastro-oesophageal reflux disease,18582,649,1.12 [0.84-1.48],0.4432146670937829
GAS6,Growth arrest-specific protein 6,Chapter XI Diseases of the digestive system,Other diseases of oesophagus,18007,74,1.62 [0.72-3.66],0.243216172461516
GAS6,Growth arrest-specific protein 6,Chapter XI Diseases of the digestive system,Ulcer of oesophagus,18217,284,1.21 [0.80-1.85],0.368467151420528
GAS6,Growth arrest-specific protein 6,Chapter XI Diseases of the digestive system,Oesophageal obstruction,18007,74,1.64 [0.73-3.70],0.2300079382708854
GAS6,Growth arrest-specific protein 6,Chapter XI Diseases of the digestive system,Gastric ulcer,18094,161,2.11 [1.22-3.66],0.0073268210241018
GAS6,Growth arrest-specific protein 6,Chapter XI Diseases of the digestive system,Duodenal ulcer,18107,174,1.29 [0.76-2.20],0.3414554247347768
GAS6,Growth arrest-specific protein 6,Chapter XI Diseases of the digestive system,"Duodenal ulcer - Unspecified as acute or chronic, without haemorrhage or perforation, drug-induced",23674,119,1.39 [0.74-2.61],0.3018827708616302
GAS6,Growth arrest-specific protein 6,Chapter XI Diseases of the digestive system,Chronic gastritis,18048,115,1.89 [0.99-3.60],0.053389787528213
GAS6,Growth arrest-specific protein 6,Chapter XI Diseases of the digestive system,Other gastritis (incl. Duodenitis),18720,787,1.44 [1.12-1.86],0.0048093879808661
GAS6,Growth arrest-specific protein 6,Chapter XI Diseases of the digestive system,Diseases of appendix,23711,105,0.51 [0.26-1.00],0.051378629317982
GAS6,Growth arrest-specific protein 6,Chapter XI Diseases of the digestive system,Functional dyspepsia,18224,291,0.91 [0.60-1.38],0.6510740898668989
GAS6,Growth arrest-specific protein 6,Chapter XI Diseases of the digestive system,Other diseases of stomach and duodenum,18093,160,1.75 [1.00-3.04],0.0490182965435464
GAS6,Growth arrest-specific protein 6,Chapter XI Diseases of the digestive system,Colonic or urogenital fistula,23660,170,1.55 [0.92-2.62],0.0990991803416887
GAS6,Growth arrest-specific protein 6,Chapter XI Diseases of the digestive system,Acute appendicitis,23690,84,0.51 [0.24-1.10],0.0855441738174781
GAS6,Growth arrest-specific protein 6,Chapter XI Diseases of the digestive system,Hernia,20328,2068,1.05 [0.89-1.23],0.5880457944245836
GAS6,Growth arrest-specific protein 6,Chapter XI Diseases of the digestive system,Inguinal hernia,19389,1129,0.94 [0.76-1.17],0.5843376906511761
GAS6,Growth arrest-specific protein 6,Chapter XI Diseases of the digestive system,Umbilical hernia,18446,186,1.01 [0.61-1.69],0.9544404628004474
GAS6,Growth arrest-specific protein 6,Chapter XI Diseases of the digestive system,Ventral hernia,18357,97,1.72 [0.86-3.46],0.1246543508532293
GAS6,Growth arrest-specific protein 6,Chapter XI Diseases of the digestive system,Diaphragmatic hernia,19041,781,1.15 [0.89-1.49],0.2743808445038417
GAS6,Growth arrest-specific protein 6,Chapter XI Diseases of the digestive system,Noninfective enteritis and colitis,22994,603,1.82 [1.37-2.41],3.863593143423861e-05
GAS6,Growth arrest-specific protein 6,Chapter XI Diseases of the digestive system,Other diseases of intestines,18409,1817,1.41 [1.19-1.68],9.643373093628696e-05
GAS6,Growth arrest-specific protein 6,Chapter XI Diseases of the digestive system,"Crohn disease (strict definition, all UC cases excluded)",23528,54,2.92 [1.19-7.16],0.0190477234810811
GAS6,Growth arrest-specific protein 6,Chapter XI Diseases of the digestive system,"Crohn disease (strict definition, require KELA, min 2 HDR)",23791,70,2.48 [1.11-5.52],0.026122545575421
GAS6,Growth arrest-specific protein 6,Chapter XI Diseases of the digestive system,Crohn disease,22461,70,2.58 [1.15-5.77],0.0213252128747228
GAS6,Growth arrest-specific protein 6,Chapter XI Diseases of the digestive system,Crohn's disease NAS,22446,55,2.97 [1.21-7.29],0.0172351595193434
GAS6,Growth arrest-specific protein 6,Chapter XI Diseases of the digestive system,"Ulcerative colitis (strict definition, require KELA, min 2 HDR)",23736,141,1.45 [0.81-2.61],0.2097239142636021
GAS6,Growth arrest-specific protein 6,Chapter XI Diseases of the digestive system,Ulcerative colitis,22532,141,1.50 [0.83-2.70],0.1767280687420539
GAS6,Growth arrest-specific protein 6,Chapter XI Diseases of the digestive system,"Ulcerative colitis, NAS",22518,127,1.53 [0.82-2.85],0.1774345175507715
GAS6,Growth arrest-specific protein 6,Chapter XI Diseases of the digestive system,Other noninfective gastroenteritis and colitis,22847,456,1.85 [1.34-2.56],0.0002071875947927
GAS6,Growth arrest-specific protein 6,Chapter XI Diseases of the digestive system,Noninfectious colitis NAS,22844,453,1.88 [1.36-2.60],0.0001466607559255
GAS6,Growth arrest-specific protein 6,Chapter XI Diseases of the digestive system,Paralytic ileus and intestinal obstruction,16683,91,1.45 [0.69-3.04],0.3255460628239224
GAS6,Growth arrest-specific protein 6,Chapter XI Diseases of the digestive system,Intestinal stricture,23408,91,1.38 [0.67-2.88],0.3847412699804666
GAS6,Growth arrest-specific protein 6,Chapter XI Diseases of the digestive system,"Other or unspecified ileus, impaction or obstruction",16656,64,1.26 [0.52-3.03],0.6097333573584716
GAS6,Growth arrest-specific protein 6,Chapter XI Diseases of the digestive system,Diverticular disease of intestine,17135,543,1.39 [1.02-1.90],0.0364212928062082
GAS6,Growth arrest-specific protein 6,Chapter XI Diseases of the digestive system,Irritable bowel syndrome,16679,87,1.11 [0.53-2.36],0.7771802904844848
GAS6,Growth arrest-specific protein 6,Chapter XI Diseases of the digestive system,Other functional intestinal disorders,16776,184,1.38 [0.82-2.31],0.2200799429155678
GAS6,Growth arrest-specific protein 6,Chapter XI Diseases of the digestive system,Constipation,22279,168,1.41 [0.83-2.41],0.2022770924062666
GAS6,Growth arrest-specific protein 6,Chapter XI Diseases of the digestive system,Diseases of peritoneum,23478,53,1.46 [0.57-3.72],0.430639890499266
GAS6,Growth arrest-specific protein 6,Chapter XI Diseases of the digestive system,Fissure and fistula of anal and rectal regions,16754,162,1.59 [0.92-2.74],0.0950136551934461
GAS6,Growth arrest-specific protein 6,Chapter XI Diseases of the digestive system,Abscess of anal and rectal regions,16687,95,1.72 [0.85-3.48],0.1341737308623661
GAS6,Growth arrest-specific protein 6,Chapter XI Diseases of the digestive system,Other diseases of anus and rectum,17455,863,1.25 [0.98-1.59],0.0754712458425079
GAS6,Growth arrest-specific protein 6,Chapter XI Diseases of the digestive system,Other diseases of intestine,16906,314,1.12 [0.75-1.67],0.5774411454408325
GAS6,Growth arrest-specific protein 6,Chapter XI Diseases of the digestive system,Other diseases of peritoneum,23467,42,0.80 [0.27-2.36],0.6902460098936215
GAS6,Growth arrest-specific protein 6,Chapter XI Diseases of the digestive system,Diseases of liver,23016,145,,
GAS6,Growth arrest-specific protein 6,Chapter XI Diseases of the digestive system,Other diseases of liver,22954,83,5.95 [2.82-12.56],2.927754441191307e-06
GAS6,Growth arrest-specific protein 6,Chapter XI Diseases of the digestive system,"Disorders of gallbladder, biliary tract and pancreas",22690,372,1.54 [1.07-2.22],0.0190387315783195
GAS6,Growth arrest-specific protein 6,Chapter XI Diseases of the digestive system,Cholelithiasis,22587,269,1.10 [0.72-1.70],0.6527908195203249
GAS6,Growth arrest-specific protein 6,Chapter XI Diseases of the digestive system,Cholecystitis,22386,68,1.50 [0.65-3.50],0.3440327646145691
GAS6,Growth arrest-specific protein 6,Chapter XI Diseases of the digestive system,Other diseases of biliary tract,22351,33,1.52 [0.45-5.06],0.4979038690507514
GAS6,Growth arrest-specific protein 6,Chapter XI Diseases of the digestive system,Acute pancreatitis,22393,75,3.90 [1.83-8.34],0.000440844189416
GAS6,Growth arrest-specific protein 6,Chapter XI Diseases of the digestive system,Acute pancreatitis (for exclusion),23665,75,3.72 [1.76-7.86],0.0005599281385035
GAS6,Growth arrest-specific protein 6,Chapter XI Diseases of the digestive system,Diseases of the digestive system,22478,323,1.36 [0.93-2.01],0.1149010611510862
GAS6,Growth arrest-specific protein 6,Chapter XI Diseases of the digestive system,Intestinal malabsorption,22193,38,0.61 [0.19-1.90],0.3892326343690342
GAS6,Growth arrest-specific protein 6,Chapter XI Diseases of the digestive system,Coeliac disease,22183,28,0.43 [0.11-1.60],0.2072127474674333
GAS6,Growth arrest-specific protein 6,Chapter XI Diseases of the digestive system,"Postprocedural disorders of digestive system, not elsewhere classified",22215,60,1.12 [0.45-2.80],0.8039075095949714
GAS6,Growth arrest-specific protein 6,Chapter XI Diseases of the digestive system,Other diseases of the digestive system,22386,231,1.51 [0.96-2.38],0.0724985274016438
GAS6,Growth arrest-specific protein 6,Chapter XI Diseases of the digestive system,GI-bleeding,22382,227,1.58 [1.00-2.49],0.0497345105035546
GAS6,Growth arrest-specific protein 6,Chapter XII Diseases of the skin and subcutaneous tissue,Diseases of the skin and subcutaneous tissue,20693,1500,1.43 [1.18-1.72],0.0002073009886981
GAS6,Growth arrest-specific protein 6,Chapter XII Diseases of the skin and subcutaneous tissue,Dermatitis and eczema,23407,94,1.12 [0.55-2.29],0.7556906884876157
GAS6,Growth arrest-specific protein 6,Chapter XII Diseases of the skin and subcutaneous tissue,Disorders of skin appendages,23476,457,1.87 [1.35-2.58],0.0001588952720483
GAS6,Growth arrest-specific protein 6,Chapter XII Diseases of the skin and subcutaneous tissue,Other disorders of skin and subcutaneous tissue,22245,458,1.85 [1.33-2.56],0.0002253631534048
GAS6,Growth arrest-specific protein 6,Chapter XII Diseases of the skin and subcutaneous tissue,Infections of the skin and subcutaneous tissue,22842,472,0.88 [0.64-1.22],0.4354170304458878
GAS6,Growth arrest-specific protein 6,Chapter XII Diseases of the skin and subcutaneous tissue,"Cutaneous abscess, furuncle and carbuncle",22478,108,0.87 [0.45-1.69],0.6882767140522219
GAS6,Growth arrest-specific protein 6,Chapter XII Diseases of the skin and subcutaneous tissue,Cellulitis,22675,305,1.06 [0.71-1.59],0.7701885599886633
GAS6,Growth arrest-specific protein 6,Chapter XII Diseases of the skin and subcutaneous tissue,Papulosquamous disorders,23585,92,1.34 [0.65-2.74],0.4283958942954333
GAS6,Growth arrest-specific protein 6,Chapter XII Diseases of the skin and subcutaneous tissue,Psoriasis,23570,77,1.19 [0.54-2.61],0.6644587741503027
GAS6,Growth arrest-specific protein 6,Chapter XII Diseases of the skin and subcutaneous tissue,Other and unspecified psoriasis,23552,59,1.22 [0.50-2.97],0.6612530264847161
GAS6,Growth arrest-specific protein 6,Chapter XII Diseases of the skin and subcutaneous tissue,Radiation-related disorders of the skin and subcutaneous tissue,23535,58,nan [nan-nan],
GAS6,Growth arrest-specific protein 6,Chapter XII Diseases of the skin and subcutaneous tissue,Skin changes due to chronic exposure to nonionizing radiation,23533,56,nan [nan-nan],
GAS6,Growth arrest-specific protein 6,Chapter XII Diseases of the skin and subcutaneous tissue,Nail disorders,23075,56,1.18 [0.47-2.97],0.7197110331516282
GAS6,Growth arrest-specific protein 6,Chapter XII Diseases of the skin and subcutaneous tissue,Follicular cysts of skin and subcutaneous tissue,23392,373,1.85 [1.29-2.65],0.0007583750248072
GAS6,Growth arrest-specific protein 6,Chapter XII Diseases of the skin and subcutaneous tissue,Seborrhoeic keratosis,21872,85,0.75 [0.35-1.64],0.4777359767050094
GAS6,Growth arrest-specific protein 6,Chapter XII Diseases of the skin and subcutaneous tissue,Atrophic disorders of skin,21831,44,1.77 [0.63-4.95],0.2763411391704514
GAS6,Growth arrest-specific protein 6,Chapter XII Diseases of the skin and subcutaneous tissue,Scar conditions and fibrosis of skin,21826,39,1.54 [0.52-4.60],0.4360031248712182
GAS6,Growth arrest-specific protein 6,Chapter XII Diseases of the skin and subcutaneous tissue,"Other disorders of skin and subcutaneous tissue, not elsewhere classified",21970,183,1.72 [1.02-2.89],0.0400628081129732
GAS6,Growth arrest-specific protein 6,Chapter XII Diseases of the skin and subcutaneous tissue,Other and unspecified disorders of skin and subcutaneous tissue,21948,161,1.55 [0.89-2.70],0.1174458773372204
GAS6,Growth arrest-specific protein 6,Chapter XIII Diseases of the musculoskeletal system and connective tissue,Diseases of the musculoskeletal system and connective tissue,17593,3571,1.12 [0.98-1.29],0.0901464003648895
GAS6,Growth arrest-specific protein 6,Chapter XIII Diseases of the musculoskeletal system and connective tissue,Arthropathies,19084,2098,1.09 [0.92-1.28],0.3187197539438369
GAS6,Growth arrest-specific protein 6,Chapter XIII Diseases of the musculoskeletal system and connective tissue,Soft tissue disorders,21612,1083,0.87 [0.70-1.08],0.1939390594583356
GAS6,Growth arrest-specific protein 6,Chapter XIII Diseases of the musculoskeletal system and connective tissue,Rheumatoid arthritis,17075,89,1.04 [0.50-2.19],0.9105173386194833
GAS6,Growth arrest-specific protein 6,Chapter XIII Diseases of the musculoskeletal system and connective tissue,Polyarthropathies,17399,413,0.98 [0.69-1.39],0.9085741911872504
GAS6,Growth arrest-specific protein 6,Chapter XIII Diseases of the musculoskeletal system and connective tissue,"Other (seronegative) rheumatoid arthritis, wide",23596,86,0.98 [0.46-2.07],0.9511480619569698
GAS6,Growth arrest-specific protein 6,Chapter XIII Diseases of the musculoskeletal system and connective tissue,Other/unspecified rheumatoid arthritis,23601,76,0.91 [0.41-2.02],0.8197553258369723
GAS6,Growth arrest-specific protein 6,Chapter XIII Diseases of the musculoskeletal system and connective tissue,Arthrosis,18054,1068,1.08 [0.86-1.35],0.5030178286814496
GAS6,Growth arrest-specific protein 6,Chapter XIII Diseases of the musculoskeletal system and connective tissue,"Artrosis, including avohilmo",20504,1068,1.04 [0.83-1.30],0.7149781640966163
GAS6,Growth arrest-specific protein 6,Chapter XIII Diseases of the musculoskeletal system and connective tissue,Gout,17116,130,0.91 [0.49-1.69],0.7713866271672725
GAS6,Growth arrest-specific protein 6,Chapter XIII Diseases of the musculoskeletal system and connective tissue,"Gout, unspecified",22890,126,0.96 [0.52-1.80],0.9102662653549108
GAS6,Growth arrest-specific protein 6,Chapter XIII Diseases of the musculoskeletal system and connective tissue,Other specified/unspecified arthritis,17155,169,0.91 [0.53-1.55],0.7272597479305292
GAS6,Growth arrest-specific protein 6,Chapter XIII Diseases of the musculoskeletal system and connective tissue,Polyarthrosis,17042,56,0.59 [0.23-1.52],0.273308838867723
GAS6,Growth arrest-specific protein 6,Chapter XIII Diseases of the musculoskeletal system and connective tissue,Coxarthrosis,17242,256,1.20 [0.77-1.88],0.417736297331772
GAS6,Growth arrest-specific protein 6,Chapter XIII Diseases of the musculoskeletal system and connective tissue,"Coxarthrosis, primary",23735,122,1.48 [0.79-2.79],0.223798512397475
GAS6,Growth arrest-specific protein 6,Chapter XIII Diseases of the musculoskeletal system and connective tissue,Gonarthrosis,17557,571,1.05 [0.78-1.42],0.7475376061208687
GAS6,Growth arrest-specific protein 6,Chapter XIII Diseases of the musculoskeletal system and connective tissue,Other arthrosis,17294,308,0.88 [0.59-1.32],0.5368512457372282
GAS6,Growth arrest-specific protein 6,Chapter XIII Diseases of the musculoskeletal system and connective tissue,Other joint disorders,18145,1159,1.04 [0.84-1.29],0.69025750627704
GAS6,Growth arrest-specific protein 6,Chapter XIII Diseases of the musculoskeletal system and connective tissue,Other deformities of toe(s),17009,23,0.92 [0.22-3.89],0.9132775955355696
GAS6,Growth arrest-specific protein 6,Chapter XIII Diseases of the musculoskeletal system and connective tissue,Hallux valgus (acquired),17034,48,0.78 [0.28-2.16],0.63742524218415
GAS6,Growth arrest-specific protein 6,Chapter XIII Diseases of the musculoskeletal system and connective tissue,Hallux rigidus,17016,30,2.36 [0.67-8.28],0.1807340130657809
GAS6,Growth arrest-specific protein 6,Chapter XIII Diseases of the musculoskeletal system and connective tissue,Other hammer toe(s) (acquired),17001,15,1.02 [0.16-6.51],0.9851967970446422
GAS6,Growth arrest-specific protein 6,Chapter XIII Diseases of the musculoskeletal system and connective tissue,Internal derangement of knee,17578,592,1.04 [0.77-1.40],0.8039755473482266
GAS6,Growth arrest-specific protein 6,Chapter XIII Diseases of the musculoskeletal system and connective tissue,Meniscus derangement,17501,515,0.97 [0.71-1.34],0.8685960257162612
GAS6,Growth arrest-specific protein 6,Chapter XIII Diseases of the musculoskeletal system and connective tissue,Pain in joint,19244,261,1.06 [0.68-1.63],0.8058007696498196
GAS6,Growth arrest-specific protein 6,Chapter XIII Diseases of the musculoskeletal system and connective tissue,Systemic lupus erythematosus,23568,35,4.04 [1.39-11.79],0.0105279390399392
GAS6,Growth arrest-specific protein 6,Chapter XIII Diseases of the musculoskeletal system and connective tissue,Other systemic involvement of connective tissue,23549,16,nan [nan-nan],
GAS6,Growth arrest-specific protein 6,Chapter XIII Diseases of the musculoskeletal system and connective tissue,Deforming dorsopathies,20842,44,4.29 [1.59-11.56],0.0040049017663297
GAS6,Growth arrest-specific protein 6,Chapter XIII Diseases of the musculoskeletal system and connective tissue,Spondylopathies,21083,285,1.39 [0.92-2.10],0.1227013287844512
GAS6,Growth arrest-specific protein 6,Chapter XIII Diseases of the musculoskeletal system and connective tissue,Dorsopathies,21631,833,1.12 [0.88-1.44],0.3588506108758239
GAS6,Growth arrest-specific protein 6,Chapter XIII Diseases of the musculoskeletal system and connective tissue,Spondylosis,20960,162,1.43 [0.83-2.46],0.2035650923893495
GAS6,Growth arrest-specific protein 6,Chapter XIII Diseases of the musculoskeletal system and connective tissue,Spinal stenosis,20891,93,1.40 [0.68-2.88],0.3546429923256325
GAS6,Growth arrest-specific protein 6,Chapter XIII Diseases of the musculoskeletal system and connective tissue,"Other dorsopathies, not elsewhere classified",21446,648,0.96 [0.73-1.27],0.7759908024257977
GAS6,Growth arrest-specific protein 6,Chapter XIII Diseases of the musculoskeletal system and connective tissue,Cervical disc disorders,20847,49,1.16 [0.43-3.15],0.7730992530957869
GAS6,Growth arrest-specific protein 6,Chapter XIII Diseases of the musculoskeletal system and connective tissue,Other intervertebral disc disorders,21026,228,0.96 [0.60-1.53],0.8599897080548579
GAS6,Growth arrest-specific protein 6,Chapter XIII Diseases of the musculoskeletal system and connective tissue,Lumbar disc prolapse,20898,100,1.12 [0.55-2.25],0.7558373196064029
GAS6,Growth arrest-specific protein 6,Chapter XIII Diseases of the musculoskeletal system and connective tissue,Sciatica+with lumbago,20864,66,1.32 [0.56-3.11],0.5279181098297708
GAS6,Growth arrest-specific protein 6,Chapter XIII Diseases of the musculoskeletal system and connective tissue,Other/unspecified dorsalgia,20918,120,0.70 [0.37-1.33],0.2757281467708289
GAS6,Growth arrest-specific protein 6,Chapter XIII Diseases of the musculoskeletal system and connective tissue,Cervicalgia,20849,51,0.53 [0.20-1.40],0.2027953243666476
GAS6,Growth arrest-specific protein 6,Chapter XIII Diseases of the musculoskeletal system and connective tissue,Low back pain,21060,262,1.20 [0.78-1.85],0.4003336422374172
GAS6,Growth arrest-specific protein 6,Chapter XIII Diseases of the musculoskeletal system and connective tissue,Disorders of synovium and tendon,20768,239,1.54 [0.98-2.41],0.0613491838429788
GAS6,Growth arrest-specific protein 6,Chapter XIII Diseases of the musculoskeletal system and connective tissue,Other/unspecified synovitis and tenosynovitis,20593,64,1.24 [0.59-2.60],0.570561625054929
GAS6,Growth arrest-specific protein 6,Chapter XIII Diseases of the musculoskeletal system and connective tissue,Trigger finger,20591,62,1.02 [0.42-2.47],0.961258386405456
GAS6,Growth arrest-specific protein 6,Chapter XIII Diseases of the musculoskeletal system and connective tissue,Ganglion,20591,62,2.47 [1.04-5.84],0.0398167717594932
GAS6,Growth arrest-specific protein 6,Chapter XIII Diseases of the musculoskeletal system and connective tissue,"Soft tissue disorders related to use, overuse and pressure",20589,60,0.43 [0.18-1.04],0.0607681820838754
GAS6,Growth arrest-specific protein 6,Chapter XIII Diseases of the musculoskeletal system and connective tissue,Fibroblastic disorders,20703,174,0.62 [0.36-1.07],0.0841615609467935
GAS6,Growth arrest-specific protein 6,Chapter XIII Diseases of the musculoskeletal system and connective tissue,Palmar fascial fibromatosis [Dupuytren],20692,163,0.63 [0.36-1.09],0.0979910024976728
GAS6,Growth arrest-specific protein 6,Chapter XIII Diseases of the musculoskeletal system and connective tissue,Shoulder lesions,20780,251,0.99 [0.64-1.54],0.9727454802966392
GAS6,Growth arrest-specific protein 6,Chapter XIII Diseases of the musculoskeletal system and connective tissue,Other shoulder lesions,20580,51,1.09 [0.42-2.88],0.854852756908705
GAS6,Growth arrest-specific protein 6,Chapter XIII Diseases of the musculoskeletal system and connective tissue,Rotator cuff syndrome,20615,86,1.45 [0.69-3.05],0.3269642391113565
GAS6,Growth arrest-specific protein 6,Chapter XIII Diseases of the musculoskeletal system and connective tissue,Impingement syndrome of shoulder,20642,113,0.55 [0.29-1.06],0.0743712862609512
GAS6,Growth arrest-specific protein 6,Chapter XIII Diseases of the musculoskeletal system and connective tissue,Other enthesopathies,20571,42,1.38 [0.48-3.94],0.5489059452249683
GAS6,Growth arrest-specific protein 6,Chapter XIII Diseases of the musculoskeletal system and connective tissue,"Other soft tissue disorders, not elsewhere classified",20880,351,0.74 [0.51-1.07],0.1111299299617669
GAS6,Growth arrest-specific protein 6,Chapter XIII Diseases of the musculoskeletal system and connective tissue,Other specified/unspecified soft tissue disorders,20673,144,0.88 [0.50-1.58],0.676418380761477
GAS6,Growth arrest-specific protein 6,Chapter XIII Diseases of the musculoskeletal system and connective tissue,Pain in limb,20717,188,0.59 [0.36-0.99],0.0443132507497498
GAS6,Growth arrest-specific protein 6,Chapter XIII Diseases of the musculoskeletal system and connective tissue,Osteoporosis,22827,103,1.47 [0.74-2.91],0.2713580288739582
GAS6,Growth arrest-specific protein 6,Chapter XIII Diseases of the musculoskeletal system and connective tissue,Osteopathies and chondropathies,23016,292,1.33 [0.89-2.00],0.1656191705882537
GAS6,Growth arrest-specific protein 6,Chapter XIII Diseases of the musculoskeletal system and connective tissue,Disorders of continuity of bone,22781,57,1.92 [0.78-4.75],0.1589259057300222
GAS6,Growth arrest-specific protein 6,Chapter XIII Diseases of the musculoskeletal system and connective tissue,Other specified/unspecified disorders of  bone/cartilage,22775,51,0.39 [0.14-1.03],0.0582179907902982
GAS6,Growth arrest-specific protein 6,Chapter XIII Diseases of the musculoskeletal system and connective tissue,Other disorders of bone,22813,89,0.84 [0.40-1.77],0.6533652758191104
GAS6,Growth arrest-specific protein 6,Chapter XIV Diseases of the genitourinary system,Genitourinary diseases,18283,2389,1.55 [1.33-1.82],4.2805638397904523e-08
GAS6,Growth arrest-specific protein 6,Chapter XIV Diseases of the genitourinary system,Diseases of male genital organs,20551,1293,1.18 [0.97-1.45],0.106009788382474
GAS6,Growth arrest-specific protein 6,Chapter XIV Diseases of the genitourinary system,Renal tubulo-interstitial diseases,21029,306,4.88 [3.31-7.21],1.5451661411867873e-15
GAS6,Growth arrest-specific protein 6,Chapter XIV Diseases of the genitourinary system,Other obstructive and reflux uropathy,20816,93,2.10 [1.01-4.36],0.0479525393375885
GAS6,Growth arrest-specific protein 6,Chapter XIV Diseases of the genitourinary system,Acute renal failure,21065,76,2.85 [1.31-6.21],0.0082527405662673
GAS6,Growth arrest-specific protein 6,Chapter XIV Diseases of the genitourinary system,Chronic kidney disease,21081,92,,
GAS6,Growth arrest-specific protein 6,Chapter XIV Diseases of the genitourinary system,Unspecified kidney failure,21081,92,8.47 [4.34-16.53],3.748713678496082e-10
GAS6,Growth arrest-specific protein 6,Chapter XIV Diseases of the genitourinary system,Urolithiasis,23358,360,0.84 [0.58-1.22],0.3610420918672566
GAS6,Growth arrest-specific protein 6,Chapter XIV Diseases of the genitourinary system,Other disorders of kidney and ureter,23317,77,4.64 [2.19-9.83],6.0258418772858416e-05
GAS6,Growth arrest-specific protein 6,Chapter XIV Diseases of the genitourinary system,Calculus of kidney and ureter,23248,250,0.85 [0.54-1.32],0.4593711401963403
GAS6,Growth arrest-specific protein 6,Chapter XIV Diseases of the genitourinary system,Unspecified renal colic,23135,137,0.71 [0.39-1.28],0.2526827323419964
GAS6,Growth arrest-specific protein 6,Chapter XIV Diseases of the genitourinary system,Other diseases of urinary system,21627,843,1.35 [1.05-1.72],0.0183475470830255
GAS6,Growth arrest-specific protein 6,Chapter XIV Diseases of the genitourinary system,Cystitis,20845,61,3.26 [1.37-7.78],0.0076838480889493
GAS6,Growth arrest-specific protein 6,Chapter XIV Diseases of the genitourinary system,Neuromuscular dysfunction of bladder,20858,74,1.92 [0.86-4.27],0.1120165180393717
GAS6,Growth arrest-specific protein 6,Chapter XIV Diseases of the genitourinary system,Other disorders of  bladder,21171,387,1.13 [0.79-1.62],0.5057587114276054
GAS6,Growth arrest-specific protein 6,Chapter XIV Diseases of the genitourinary system,Urethral stricture,20927,143,1.25 [0.70-2.25],0.4537146016557363
GAS6,Growth arrest-specific protein 6,Chapter XIV Diseases of the genitourinary system,Other disorders of urethra and urinary system,21159,375,1.66 [1.16-2.38],0.0059727541189529
GAS6,Growth arrest-specific protein 6,Chapter XIV Diseases of the genitourinary system,Hyperplasia of prostate,19830,572,1.03 [0.76-1.40],0.8483209888198362
GAS6,Growth arrest-specific protein 6,Chapter XIV Diseases of the genitourinary system,Inflammatory diseases of prostate (prostatitis),19365,107,0.90 [0.46-1.79],0.7682132921015853
GAS6,Growth arrest-specific protein 6,Chapter XIV Diseases of the genitourinary system,Hydrocele,19359,101,2.45 [1.25-4.79],0.0087301393826393
GAS6,Growth arrest-specific protein 6,Chapter XIV Diseases of the genitourinary system,"Redundant prepuce, phimosis and paraphimosis",19424,166,0.88 [0.51-1.51],0.6501285014505616
GAS6,Growth arrest-specific protein 6,Chapter XIV Diseases of the genitourinary system,Other disorders of penis,19420,162,1.39 [0.80-2.41],0.2445433564744378
GAS6,Growth arrest-specific protein 6,Chapter XIV Diseases of the genitourinary system,Other disorders of male genital organs,19477,219,1.70 [1.07-2.72],0.0255446884391404
GAS6,Growth arrest-specific protein 6,Chapter IX Diseases of the circulatory system,"Bradycardia, unspecified, drug-induced",23346,77,0.82 [0.37-1.82],0.6235135859089431
GAS6,Growth arrest-specific protein 6,Chapter VI Diseases of the nervous system,Falls/tendency to fall,21674,553,1.26 [0.93-1.70],0.1342931196274187
