Disease_category,Disease,Protein,Protein_definition,NB_individual,NB_case,OR[95%CI],P_value
Chapter X Diseases of the respiratory system,Idiopathic pulmonary fibrosis,ACP5,Tartrate-resistant acid phosphatase type 5,48708,127,2.50 [1.74-3.61],9.07461616806157e-07
Chapter X Diseases of the respiratory system,Idiopathic pulmonary fibrosis,ACTA2,"Actin, aortic smooth muscle",47618,128,1.79 [1.42-2.24],5.796395853590141e-07
Chapter X Diseases of the respiratory system,Idiopathic pulmonary fibrosis,ACVRL1,Serine/threonine-protein kinase receptor R3,48050,124,4.75 [3.06-7.36],3.633841992091183e-12
Chapter X Diseases of the respiratory system,Idiopathic pulmonary fibrosis,ADA2,Adenosine deaminase 2,48218,128,3.67 [2.80-4.82],4.5901003680572544e-21
Chapter X Diseases of the respiratory system,Idiopathic pulmonary fibrosis,ADAM12,Disintegrin and metalloproteinase domain-containing protein 12,40887,124,2.32 [1.82-2.96],9.109592680372664e-12
Chapter X Diseases of the respiratory system,Idiopathic pulmonary fibrosis,ADAMTS13,A disintegrin and metalloproteinase with thrombospondin motifs 13,49086,127,0.26 [0.15-0.47],5.366875680131937e-06
Chapter X Diseases of the respiratory system,Idiopathic pulmonary fibrosis,ADAMTS15,A disintegrin and metalloproteinase with thrombospondin motifs 15,48272,124,2.30 [1.60-3.29],5.719425450971938e-06
Chapter X Diseases of the respiratory system,Idiopathic pulmonary fibrosis,ADAMTS4,A disintegrin and metalloproteinase with thrombospondin motifs 4,40887,124,2.22 [1.57-3.15],7.0285326505483405e-06
Chapter X Diseases of the respiratory system,Idiopathic pulmonary fibrosis,ADGRG1,Adhesion G-protein coupled receptor G1,48272,124,1.44 [1.24-1.68],2.7799996832444235e-06
Chapter X Diseases of the respiratory system,Idiopathic pulmonary fibrosis,ADM,Pro-adrenomedullin,48907,126,5.78 [3.27-10.22],1.6834193163244503e-09
Chapter X Diseases of the respiratory system,Idiopathic pulmonary fibrosis,AGER,Advanced glycosylation end product-specific receptor,48383,127,0.29 [0.20-0.42],1.0853992179872212e-10
Chapter X Diseases of the respiratory system,Idiopathic pulmonary fibrosis,AGR2,Anterior gradient protein 2 homolog,46981,123,1.47 [1.28-1.69],8.256638991559413e-08
Chapter X Diseases of the respiratory system,Idiopathic pulmonary fibrosis,AGRN,Agrin,48704,128,2.93 [2.16-3.97],3.955056970250877e-12
Chapter X Diseases of the respiratory system,Idiopathic pulmonary fibrosis,ALCAM,CD166 antigen,49086,127,7.05 [3.57-13.95],1.985723361859828e-08
Chapter X Diseases of the respiratory system,Idiopathic pulmonary fibrosis,ALPP,"Alkaline phosphatase, placental type",48272,124,1.37 [1.20-1.56],3.819668686430762e-06
Chapter X Diseases of the respiratory system,Idiopathic pulmonary fibrosis,ANG,Angiogenin,48375,128,2.63 [1.82-3.81],3.039605308069508e-07
Chapter X Diseases of the respiratory system,Idiopathic pulmonary fibrosis,ANGPT2,Angiopoietin-2,48907,126,2.93 [2.10-4.10],2.994177715986084e-10
Chapter X Diseases of the respiratory system,Idiopathic pulmonary fibrosis,ANGPTL1,Angiopoietin-related protein 1,47804,124,4.16 [2.52-6.88],2.6651235162761666e-08
Chapter X Diseases of the respiratory system,Idiopathic pulmonary fibrosis,ANGPTL2,Angiopoietin-related protein 2,48541,127,3.05 [2.12-4.37],1.5512950763680756e-09
Chapter X Diseases of the respiratory system,Idiopathic pulmonary fibrosis,ANXA10,Annexin A10,47371,124,1.44 [1.24-1.68],1.6961078600844677e-06
Chapter X Diseases of the respiratory system,Idiopathic pulmonary fibrosis,AREG,Amphiregulin,48272,124,3.74 [3.08-4.55],3.8403475474822546e-40
Chapter X Diseases of the respiratory system,Idiopathic pulmonary fibrosis,ASGR1,Asialoglycoprotein receptor 1,48128,124,2.94 [1.97-4.37],1.080227459498419e-07
Chapter X Diseases of the respiratory system,Idiopathic pulmonary fibrosis,ASGR2,Asialoglycoprotein receptor 2,42126,124,3.91 [2.29-6.69],5.989892467424687e-07
Chapter X Diseases of the respiratory system,Idiopathic pulmonary fibrosis,B2M,Beta-2-microglobulin,42160,124,1.98 [1.64-2.41],2.724379600823818e-12
Chapter X Diseases of the respiratory system,Idiopathic pulmonary fibrosis,B3GNT7,"UDP-GlcNAc:betaGal beta-1,3-N-acetylglucosaminyltransferase 7",40960,124,2.98 [1.88-4.71],3.0593134983317364e-06
Chapter X Diseases of the respiratory system,Idiopathic pulmonary fibrosis,BAP18,Chromatin complexes subunit BAP18,41993,123,1.49 [1.27-1.75],8.13252775293948e-07
Chapter X Diseases of the respiratory system,Idiopathic pulmonary fibrosis,BCAT1,"Branched-chain-amino-acid aminotransferase, cytosolic",42094,123,2.46 [1.69-3.57],2.610987352831555e-06
Chapter X Diseases of the respiratory system,Idiopathic pulmonary fibrosis,BCL2L15,Bcl-2-like protein 15,40887,124,1.61 [1.32-1.97],3.0447564178808446e-06
Chapter X Diseases of the respiratory system,Idiopathic pulmonary fibrosis,BMP4,Bone morphogenetic protein 4,48050,124,2.06 [1.58-2.69],7.422956032582933e-08
Chapter X Diseases of the respiratory system,Idiopathic pulmonary fibrosis,BMPER,BMP-binding endothelial regulator protein,41176,123,3.67 [2.33-5.78],2.0493319929722427e-08
Chapter X Diseases of the respiratory system,Idiopathic pulmonary fibrosis,BPIFB1,BPI fold-containing family B member 1,48376,125,3.33 [2.60-4.26],1.544545973992125e-21
Chapter X Diseases of the respiratory system,Idiopathic pulmonary fibrosis,BPIFB2,BPI fold-containing family B member 2,42015,123,1.62 [1.31-2.00],8.453508484902972e-06
Chapter X Diseases of the respiratory system,Idiopathic pulmonary fibrosis,BRK1,Protein BRICK1,47371,124,2.30 [1.72-3.08],2.5941451530531723e-08
Chapter X Diseases of the respiratory system,Idiopathic pulmonary fibrosis,BSG,Basigin,48942,126,4.67 [2.44-8.91],3.0392768954607656e-06
Chapter X Diseases of the respiratory system,Idiopathic pulmonary fibrosis,BST2,Bone marrow stromal antigen 2,48921,129,1.64 [1.33-2.01],3.466920694748966e-06
Chapter X Diseases of the respiratory system,Idiopathic pulmonary fibrosis,C1QA,Complement C1q subcomponent subunit A,48779,126,4.36 [2.40-7.91],1.2475269551603448e-06
Chapter X Diseases of the respiratory system,Idiopathic pulmonary fibrosis,C7,Complement component C7,41138,124,4.39 [2.88-6.70],7.042501892615214e-12
Chapter X Diseases of the respiratory system,Idiopathic pulmonary fibrosis,C9,Complement component C9,42126,124,2.55 [1.83-3.56],3.4362993535609574e-08
Chapter X Diseases of the respiratory system,Idiopathic pulmonary fibrosis,CA6,Carbonic anhydrase 6,48348,127,0.50 [0.39-0.63],1.078762829254803e-08
Chapter X Diseases of the respiratory system,Idiopathic pulmonary fibrosis,CAPG,Macrophage-capping protein,48133,125,2.19 [1.79-2.68],4.2946081167336016e-14
Chapter X Diseases of the respiratory system,Idiopathic pulmonary fibrosis,CCL11,Eotaxin,49021,126,2.87 [1.91-4.31],4.027282379556334e-07
Chapter X Diseases of the respiratory system,Idiopathic pulmonary fibrosis,CCL15,C-C motif chemokine 15,49086,127,2.16 [1.60-2.90],3.484087573785523e-07
Chapter X Diseases of the respiratory system,Idiopathic pulmonary fibrosis,CCL17,C-C motif chemokine 17,48384,128,1.49 [1.27-1.76],1.3500747443704972e-06
Chapter X Diseases of the respiratory system,Idiopathic pulmonary fibrosis,CCL18,C-C motif chemokine 18,47831,127,1.71 [1.52-1.92],1.0931668004224716e-18
Chapter X Diseases of the respiratory system,Idiopathic pulmonary fibrosis,CCL19,C-C motif chemokine 19,48921,129,1.25 [1.14-1.36],4.301201217865394e-07
Chapter X Diseases of the respiratory system,Idiopathic pulmonary fibrosis,CCL20,C-C motif chemokine 20,49021,126,1.47 [1.30-1.65],2.474047407798521e-10
Chapter X Diseases of the respiratory system,Idiopathic pulmonary fibrosis,CCL21,C-C motif chemokine 21,48704,128,1.92 [1.56-2.36],4.869477736989829e-10
Chapter X Diseases of the respiratory system,Idiopathic pulmonary fibrosis,CCL28,C-C motif chemokine 28,48268,123,1.70 [1.37-2.12],1.912790324924664e-06
Chapter X Diseases of the respiratory system,Idiopathic pulmonary fibrosis,CCL3,C-C motif chemokine 3,48430,125,1.43 [1.26-1.62],2.182451488783064e-08
Chapter X Diseases of the respiratory system,Idiopathic pulmonary fibrosis,CCL7,C-C motif chemokine 7,48430,125,1.96 [1.70-2.26],1.3116738572292871e-20
Chapter X Diseases of the respiratory system,Idiopathic pulmonary fibrosis,CCN4,CCN family member 4,48907,126,2.25 [1.63-3.12],9.025165917149792e-07
Chapter X Diseases of the respiratory system,Idiopathic pulmonary fibrosis,CD14,Monocyte differentiation antigen CD14,47513,124,2.67 [1.92-3.71],4.791668978814407e-09
Chapter X Diseases of the respiratory system,Idiopathic pulmonary fibrosis,CD163,Scavenger receptor cysteine-rich type 1 protein M130,48691,128,2.14 [1.55-2.94],3.4896259606832195e-06
Chapter X Diseases of the respiratory system,Idiopathic pulmonary fibrosis,CD1C,T-cell surface glycoprotein CD1c,48642,123,0.22 [0.13-0.35],2.2466860918605942e-10
Chapter X Diseases of the respiratory system,Idiopathic pulmonary fibrosis,CD27,CD27 antigen,48642,123,2.51 [1.87-3.36],7.189841001617952e-10
Chapter X Diseases of the respiratory system,Idiopathic pulmonary fibrosis,CD274,Programmed cell death 1 ligand 1,48128,124,3.02 [2.26-4.03],6.015521715669683e-14
Chapter X Diseases of the respiratory system,Idiopathic pulmonary fibrosis,CD28,T-cell-specific surface glycoprotein CD28,47376,121,2.04 [1.53-2.71],8.874639808324108e-07
Chapter X Diseases of the respiratory system,Idiopathic pulmonary fibrosis,CD300A,CMRF35-like molecule 8,41176,123,4.07 [2.56-6.48],3.040849023896037e-09
Chapter X Diseases of the respiratory system,Idiopathic pulmonary fibrosis,CD300C,CMRF35-like molecule 6,48921,129,2.56 [1.74-3.75],1.7052171141017448e-06
Chapter X Diseases of the respiratory system,Idiopathic pulmonary fibrosis,CD300E,CMRF35-like molecule 2,48747,126,3.18 [2.40-4.21],6.908508572687202e-16
Chapter X Diseases of the respiratory system,Idiopathic pulmonary fibrosis,CD300LF,CMRF35-like molecule 1,48907,126,2.18 [1.65-2.88],4.690624081488624e-08
Chapter X Diseases of the respiratory system,Idiopathic pulmonary fibrosis,CD302,CD302 antigen,48272,124,2.76 [1.87-4.07],3.298799123156262e-07
Chapter X Diseases of the respiratory system,Idiopathic pulmonary fibrosis,CD38,ADP-ribosyl cyclase/cyclic ADP-ribose hydrolase 1,48272,124,2.98 [1.96-4.53],3.067275818178206e-07
Chapter X Diseases of the respiratory system,Idiopathic pulmonary fibrosis,CD4,T-cell surface glycoprotein CD4,48350,124,2.23 [1.68-2.95],2.8519245656407316e-08
Chapter X Diseases of the respiratory system,Idiopathic pulmonary fibrosis,CD74,HLA class II histocompatibility antigen gamma chain,48921,129,3.80 [2.68-5.38],6.61199800959409e-14
Chapter X Diseases of the respiratory system,Idiopathic pulmonary fibrosis,CD80,T-lymphocyte activation antigen CD80,42094,123,5.78 [4.20-7.97],8.1319122209044e-27
Chapter X Diseases of the respiratory system,Idiopathic pulmonary fibrosis,CD83,CD83 antigen,48430,125,4.36 [3.15-6.02],5.79331517654434e-19
Chapter X Diseases of the respiratory system,Idiopathic pulmonary fibrosis,CDCP1,CUB domain-containing protein 1,48128,124,3.40 [2.78-4.17],2.4627884217271147e-32
Chapter X Diseases of the respiratory system,Idiopathic pulmonary fibrosis,CDH3,Cadherin-3,48921,129,2.65 [1.89-3.73],1.9665448370993173e-08
Chapter X Diseases of the respiratory system,Idiopathic pulmonary fibrosis,CEACAM5,Carcinoembryonic antigen-related cell adhesion molecule 5,46761,119,1.77 [1.48-2.11],2.2176301904034954e-10
Chapter X Diseases of the respiratory system,Idiopathic pulmonary fibrosis,CEACAM6,Carcinoembryonic antigen-related cell adhesion molecule 6,42100,122,5.31 [4.08-6.91],1.8999857168675403e-35
Chapter X Diseases of the respiratory system,Idiopathic pulmonary fibrosis,CEACAM8,Carcinoembryonic antigen-related cell adhesion molecule 8,47618,128,1.92 [1.50-2.46],2.6729728446651135e-07
Chapter X Diseases of the respiratory system,Idiopathic pulmonary fibrosis,CFHR5,Complement factor H-related protein 5,41571,123,2.81 [1.86-4.25],1.0350776253510129e-06
Chapter X Diseases of the respiratory system,Idiopathic pulmonary fibrosis,CHAD,Chondroadherin,41176,123,0.47 [0.34-0.64],2.299246321021873e-06
Chapter X Diseases of the respiratory system,Idiopathic pulmonary fibrosis,CHCHD10,"Coiled-coil-helix-coiled-coil-helix domain-containing protein 10, mitochondrial",41993,123,2.54 [1.96-3.30],2.54146540782456e-12
Chapter X Diseases of the respiratory system,Idiopathic pulmonary fibrosis,CHGA,Chromogranin-A,42100,122,1.67 [1.47-1.89],1.8487623446012226e-15
Chapter X Diseases of the respiratory system,Idiopathic pulmonary fibrosis,CHI3L1,Chitinase-3-like protein 1,47454,124,1.47 [1.25-1.73],2.642180747531616e-06
Chapter X Diseases of the respiratory system,Idiopathic pulmonary fibrosis,CILP,Cartilage intermediate layer protein 1,42100,122,2.44 [1.80-3.29],6.338121705417442e-09
Chapter X Diseases of the respiratory system,Idiopathic pulmonary fibrosis,CKAP4,Cytoskeleton-associated protein 4,48785,126,3.05 [2.13-4.36],9.495015328114724e-10
Chapter X Diseases of the respiratory system,Idiopathic pulmonary fibrosis,CKB,Creatine kinase B-type,42100,122,2.08 [1.58-2.74],1.530666259118923e-07
Chapter X Diseases of the respiratory system,Idiopathic pulmonary fibrosis,CLC,Galectin-10,48417,126,1.55 [1.28-1.88],5.448635183474197e-06
Chapter X Diseases of the respiratory system,Idiopathic pulmonary fibrosis,CLEC12A,C-type lectin domain family 12 member A,40887,124,3.10 [1.88-5.12],9.374255586304242e-06
Chapter X Diseases of the respiratory system,Idiopathic pulmonary fibrosis,CLEC4D,C-type lectin domain family 4 member D,48430,125,1.79 [1.43-2.24],5.207021088075847e-07
Chapter X Diseases of the respiratory system,Idiopathic pulmonary fibrosis,CLEC5A,C-type lectin domain family 5 member A,48333,126,4.91 [3.32-7.26],1.4170239737631578e-15
Chapter X Diseases of the respiratory system,Idiopathic pulmonary fibrosis,CLEC6A,C-type lectin domain family 6 member A,47376,121,2.49 [1.91-3.23],9.9095888043683e-12
Chapter X Diseases of the respiratory system,Idiopathic pulmonary fibrosis,CLEC7A,C-type lectin domain family 7 member A,49021,126,2.21 [1.59-3.07],2.3456054713194963e-06
Chapter X Diseases of the respiratory system,Idiopathic pulmonary fibrosis,CLPS,Colipase,48420,127,1.60 [1.30-1.97],7.817115591135032e-06
Chapter X Diseases of the respiratory system,Idiopathic pulmonary fibrosis,CLSTN3,Calsyntenin-3,41993,123,2.77 [1.86-4.12],5.151326490071761e-07
Chapter X Diseases of the respiratory system,Idiopathic pulmonary fibrosis,COL15A1,Collagen alpha-1(XV) chain,42100,122,3.19 [1.93-5.29],6.601994465725537e-06
Chapter X Diseases of the respiratory system,Idiopathic pulmonary fibrosis,COL18A1,Collagen alpha-1(XVIII) chain,48691,126,6.21 [3.46-11.14],9.08976239553846e-10
Chapter X Diseases of the respiratory system,Idiopathic pulmonary fibrosis,COL24A1,Collagen alpha-1(XXIV) chain,41923,122,4.44 [3.18-6.20],1.7509201290186046e-18
Chapter X Diseases of the respiratory system,Idiopathic pulmonary fibrosis,COL4A1,Collagen alpha-1(IV) chain,48492,126,2.28 [1.63-3.19],1.300096464743192e-06
Chapter X Diseases of the respiratory system,Idiopathic pulmonary fibrosis,COL6A3,Collagen alpha-3(VI) chain,49086,127,3.50 [2.60-4.71],1.968417042890923e-16
Chapter X Diseases of the respiratory system,Idiopathic pulmonary fibrosis,COLEC12,Collectin-12,48460,127,4.60 [2.94-7.19],2.375745742815437e-11
Chapter X Diseases of the respiratory system,Idiopathic pulmonary fibrosis,CPXM2,Inactive carboxypeptidase-like protein X2,42094,123,3.10 [2.02-4.78],2.676824767274473e-07
Chapter X Diseases of the respiratory system,Idiopathic pulmonary fibrosis,CREG1,Protein CREG1,47847,117,2.22 [1.57-3.13],5.618805253285216e-06
Chapter X Diseases of the respiratory system,Idiopathic pulmonary fibrosis,CRELD1,Protein disulfide isomerase CRELD1,41176,123,2.94 [1.89-4.56],1.6758375642348246e-06
Chapter X Diseases of the respiratory system,Idiopathic pulmonary fibrosis,CRIM1,Cysteine-rich motor neuron 1 protein,48704,128,9.14 [5.27-15.83],2.981195059981211e-15
Chapter X Diseases of the respiratory system,Idiopathic pulmonary fibrosis,CRIP2,Cysteine-rich protein 2,48128,124,1.90 [1.43-2.53],9.052203585659557e-06
Chapter X Diseases of the respiratory system,Idiopathic pulmonary fibrosis,CRTAC1,Cartilage acidic protein 1,49086,127,0.20 [0.13-0.30],1.899186289768439e-13
Chapter X Diseases of the respiratory system,Idiopathic pulmonary fibrosis,CSF1,Macrophage colony-stimulating factor 1,48704,128,4.68 [2.93-7.47],9.255627058303484e-11
Chapter X Diseases of the respiratory system,Idiopathic pulmonary fibrosis,CST3,Cystatin-C,48610,128,3.73 [2.48-5.60],2.427029766953058e-10
Chapter X Diseases of the respiratory system,Idiopathic pulmonary fibrosis,CSTB,Cystatin-B,47824,126,2.65 [1.98-3.54],3.857342979494921e-11
Chapter X Diseases of the respiratory system,Idiopathic pulmonary fibrosis,CTHRC1,Collagen triple helix repeat-containing protein 1,42100,122,4.00 [2.58-6.21],6.125761703362815e-10
Chapter X Diseases of the respiratory system,Idiopathic pulmonary fibrosis,CTSL,Cathepsin L1,48492,126,5.53 [3.31-9.26],7.306417127781174e-11
Chapter X Diseases of the respiratory system,Idiopathic pulmonary fibrosis,CTSS,Cathepsin S,38073,94,6.59 [3.24-13.41],1.9376367138999426e-07
Chapter X Diseases of the respiratory system,Idiopathic pulmonary fibrosis,CTSZ,Cathepsin Z,48533,128,2.96 [1.89-4.65],2.3469828107907627e-06
Chapter X Diseases of the respiratory system,Idiopathic pulmonary fibrosis,CWC15,Spliceosome-associated protein CWC15 homolog,41685,122,1.54 [1.28-1.86],4.274171585904318e-06
Chapter X Diseases of the respiratory system,Idiopathic pulmonary fibrosis,CXCL10,C-X-C motif chemokine 10,48704,128,1.78 [1.51-2.10],3.346477567947493e-12
Chapter X Diseases of the respiratory system,Idiopathic pulmonary fibrosis,CXCL13,C-X-C motif chemokine 13,48921,129,1.83 [1.66-2.02],3.074746674985377e-34
Chapter X Diseases of the respiratory system,Idiopathic pulmonary fibrosis,CXCL16,C-X-C motif chemokine 16,49005,127,4.43 [2.45-8.03],8.80285825183105e-07
Chapter X Diseases of the respiratory system,Idiopathic pulmonary fibrosis,CXCL17,C-X-C motif chemokine 17,49021,126,2.96 [2.38-3.68],1.2123439478893664e-22
Chapter X Diseases of the respiratory system,Idiopathic pulmonary fibrosis,CXCL9,C-X-C motif chemokine 9,48704,128,1.94 [1.66-2.28],3.784479991988389e-16
Chapter X Diseases of the respiratory system,Idiopathic pulmonary fibrosis,DCTPP1,dCTP pyrophosphatase 1,48492,126,2.74 [1.79-4.18],3.457210065976653e-06
Chapter X Diseases of the respiratory system,Idiopathic pulmonary fibrosis,DDR1,Epithelial discoidin domain-containing receptor 1,48921,129,3.58 [2.14-6.00],1.2133544735615335e-06
Chapter X Diseases of the respiratory system,Idiopathic pulmonary fibrosis,DEFA1_DEFA1B,Neutrophil defensin 1,47506,128,1.79 [1.49-2.16],8.814026011079842e-10
Chapter X Diseases of the respiratory system,Idiopathic pulmonary fibrosis,DLL1,Delta-like protein 1,48642,123,3.28 [2.11-5.08],1.1176314974020817e-07
Chapter X Diseases of the respiratory system,Idiopathic pulmonary fibrosis,DPP10,Inactive dipeptidyl peptidase 10,48430,125,2.54 [1.91-3.38],1.4736364500333054e-10
Chapter X Diseases of the respiratory system,Idiopathic pulmonary fibrosis,DPY30,Protein dpy-30 homolog,48758,126,1.62 [1.32-1.97],2.932395081371989e-06
Chapter X Diseases of the respiratory system,Idiopathic pulmonary fibrosis,DSC2,Desmocollin-2,47951,127,2.35 [1.67-3.30],7.648865162793196e-07
Chapter X Diseases of the respiratory system,Idiopathic pulmonary fibrosis,DTNB,Dystrobrevin beta,41826,123,2.17 [1.63-2.88],8.53438094940549e-08
Chapter X Diseases of the respiratory system,Idiopathic pulmonary fibrosis,EBI3_IL27,Interleukin-27,48837,126,2.96 [1.96-4.46],2.482271819710798e-07
Chapter X Diseases of the respiratory system,Idiopathic pulmonary fibrosis,EDA2R,Tumor necrosis factor receptor superfamily member 27,48907,126,3.83 [2.98-4.93],1.3759438648293396e-25
Chapter X Diseases of the respiratory system,Idiopathic pulmonary fibrosis,EDAR,Tumor necrosis factor receptor superfamily member EDAR,48430,125,0.64 [0.53-0.77],1.5004967053420663e-06
Chapter X Diseases of the respiratory system,Idiopathic pulmonary fibrosis,EDN1,Endothelin-1,40960,124,4.60 [2.92-7.23],4.3542031048421966e-11
Chapter X Diseases of the respiratory system,Idiopathic pulmonary fibrosis,EFEMP1,EGF-containing fibulin-like extracellular matrix protein 1,48611,128,3.24 [2.12-4.96],5.8418786718935764e-08
Chapter X Diseases of the respiratory system,Idiopathic pulmonary fibrosis,EFNA1,Ephrin-A1,48421,127,3.14 [2.08-4.73],4.73637957820557e-08
Chapter X Diseases of the respiratory system,Idiopathic pulmonary fibrosis,EFNA4,Ephrin-A4,48050,124,3.10 [2.25-4.28],4.073931743539863e-12
Chapter X Diseases of the respiratory system,Idiopathic pulmonary fibrosis,ELN,Elastin,42094,123,4.31 [2.90-6.39],4.057112318317482e-13
Chapter X Diseases of the respiratory system,Idiopathic pulmonary fibrosis,ENPP6,Glycerophosphocholine cholinephosphodiesterase ENPP6,40960,124,0.27 [0.18-0.42],2.164234289146814e-09
Chapter X Diseases of the respiratory system,Idiopathic pulmonary fibrosis,EPHA2,Ephrin type-A receptor 2,46731,120,3.19 [2.32-4.39],1.1984868835704626e-12
Chapter X Diseases of the respiratory system,Idiopathic pulmonary fibrosis,FABP3,"Fatty acid-binding protein, heart",42094,123,1.96 [1.54-2.49],3.9150355755998346e-08
Chapter X Diseases of the respiratory system,Idiopathic pulmonary fibrosis,FABP4,"Fatty acid-binding protein, adipocyte",49086,127,2.24 [1.76-2.84],3.4593808509162646e-11
Chapter X Diseases of the respiratory system,Idiopathic pulmonary fibrosis,FAM20A,Pseudokinase FAM20A,42094,123,2.94 [1.84-4.69],6.802191702298935e-06
Chapter X Diseases of the respiratory system,Idiopathic pulmonary fibrosis,FAP,Prolyl endopeptidase FAP,49086,127,0.25 [0.15-0.42],3.294919217310279e-07
Chapter X Diseases of the respiratory system,Idiopathic pulmonary fibrosis,FASLG,Tumor necrosis factor ligand superfamily member 6,49021,126,0.28 [0.19-0.41],3.3454050825954566e-11
Chapter X Diseases of the respiratory system,Idiopathic pulmonary fibrosis,FBLN2,Fibulin-2,42100,122,4.29 [2.84-6.50],5.50816359500949e-12
Chapter X Diseases of the respiratory system,Idiopathic pulmonary fibrosis,FDX1,"Adrenodoxin, mitochondrial",40718,121,1.52 [1.28-1.81],1.8448400845421185e-06
Chapter X Diseases of the respiratory system,Idiopathic pulmonary fibrosis,FGA,Fibrinogen alpha chain,41157,122,4.13 [2.58-6.61],3.439174333461276e-09
Chapter X Diseases of the respiratory system,Idiopathic pulmonary fibrosis,FGF23,Fibroblast growth factor 23,48828,126,1.62 [1.36-1.93],4.940589235402279e-08
Chapter X Diseases of the respiratory system,Idiopathic pulmonary fibrosis,FGFR2,Fibroblast growth factor receptor 2,48642,123,3.86 [2.17-6.88],4.392808810493435e-06
Chapter X Diseases of the respiratory system,Idiopathic pulmonary fibrosis,FGL1,Fibrinogen-like protein 1,42126,124,2.63 [2.11-3.28],7.700675838550615e-18
Chapter X Diseases of the respiratory system,Idiopathic pulmonary fibrosis,FLT3LG,Fms-related tyrosine kinase 3 ligand,49021,126,4.03 [2.69-6.02],1.2742215283506088e-11
Chapter X Diseases of the respiratory system,Idiopathic pulmonary fibrosis,FOLR1,Folate receptor alpha,48424,123,6.01 [4.18-8.65],4.995193644656692e-22
Chapter X Diseases of the respiratory system,Idiopathic pulmonary fibrosis,FSTL1,Follistatin-related protein 1,40960,124,5.85 [3.52-9.70],8.106873038662224e-12
Chapter X Diseases of the respiratory system,Idiopathic pulmonary fibrosis,FSTL3,Follistatin-related protein 3,48389,128,3.18 [2.21-4.57],4.477735278342055e-10
Chapter X Diseases of the respiratory system,Idiopathic pulmonary fibrosis,FURIN,Furin,48642,123,3.19 [1.99-5.11],1.3242624078963083e-06
Chapter X Diseases of the respiratory system,Idiopathic pulmonary fibrosis,FUT3_FUT5,3-galactosyl-N-acetylglucosaminide 4-alpha-L-fucosyltransferase FUT3_4-galactosyl-N-acetylglucosaminide 3-alpha-L-fucosyltransferase FUT5,48921,129,2.29 [1.69-3.10],9.926220390926541e-08
Chapter X Diseases of the respiratory system,Idiopathic pulmonary fibrosis,GALNT5,Polypeptide N-acetylgalactosaminyltransferase 5,42094,123,3.46 [2.25-5.32],1.4947715617907002e-08
Chapter X Diseases of the respiratory system,Idiopathic pulmonary fibrosis,GAST,Gastrin,41993,123,1.45 [1.32-1.59],9.466762009957836e-15
Chapter X Diseases of the respiratory system,Idiopathic pulmonary fibrosis,GBP1,Guanylate-binding protein 1,41915,123,1.77 [1.43-2.20],1.929724718177288e-07
Chapter X Diseases of the respiratory system,Idiopathic pulmonary fibrosis,GCHFR,GTP cyclohydrolase 1 feedback regulatory protein,40168,120,2.14 [1.77-2.59],5.403741483248829e-15
Chapter X Diseases of the respiratory system,Idiopathic pulmonary fibrosis,GCNT1,"Beta-1,3-galactosyl-O-glycosyl-glycoprotein beta-1,6-N-acetylglucosaminyltransferase",48272,124,2.94 [1.95-4.42],2.231851963808661e-07
Chapter X Diseases of the respiratory system,Idiopathic pulmonary fibrosis,GDF15,Growth/differentiation factor 15,49086,127,3.09 [2.64-3.61],8.577637745967783e-46
Chapter X Diseases of the respiratory system,Idiopathic pulmonary fibrosis,GDNF,Glial cell line-derived neurotrophic factor,47371,124,2.22 [1.62-3.03],5.594874667972632e-07
Chapter X Diseases of the respiratory system,Idiopathic pulmonary fibrosis,GFRA1,GDNF family receptor alpha-1,48837,126,4.09 [2.67-6.28],1.1162926950620807e-10
Chapter X Diseases of the respiratory system,Idiopathic pulmonary fibrosis,GIPC2,PDZ domain-containing protein GIPC2,41993,123,2.80 [1.81-4.33],3.7023247070723024e-06
Chapter X Diseases of the respiratory system,Idiopathic pulmonary fibrosis,GM2A,Ganglioside GM2 activator,41074,118,1.92 [1.54-2.38],4.442655637035e-09
Chapter X Diseases of the respiratory system,Idiopathic pulmonary fibrosis,GRN,Progranulin,48261,127,3.22 [2.00-5.19],1.6133657779192304e-06
Chapter X Diseases of the respiratory system,Idiopathic pulmonary fibrosis,GSR,"Glutathione reductase, mitochondrial",41885,124,5.64 [3.08-10.33],2.0955607364019413e-08
Chapter X Diseases of the respiratory system,Idiopathic pulmonary fibrosis,HAVCR1,Hepatitis A virus cellular receptor 1,48836,126,1.66 [1.37-2.01],2.827572485513304e-07
Chapter X Diseases of the respiratory system,Idiopathic pulmonary fibrosis,HAVCR2,Hepatitis A virus cellular receptor 2,48501,127,4.48 [3.27-6.14],9.421817120662976e-21
Chapter X Diseases of the respiratory system,Idiopathic pulmonary fibrosis,HEG1,Protein HEG homolog 1,41176,123,5.34 [3.06-9.31],3.711686743602957e-09
Chapter X Diseases of the respiratory system,Idiopathic pulmonary fibrosis,HGF,Hepatocyte growth factor,49021,126,3.94 [2.89-5.37],4.031717126226929e-18
Chapter X Diseases of the respiratory system,Idiopathic pulmonary fibrosis,HIP1R,Huntingtin-interacting protein 1-related protein,41913,123,1.65 [1.33-2.04],4.93306964601745e-06
Chapter X Diseases of the respiratory system,Idiopathic pulmonary fibrosis,HLA-E,"HLA class I histocompatibility antigen, alpha chain E",48430,125,3.20 [2.13-4.81],2.0472675822081322e-08
Chapter X Diseases of the respiratory system,Idiopathic pulmonary fibrosis,HPGDS,Hematopoietic prostaglandin D synthase,47376,121,0.35 [0.23-0.54],1.8594741683224096e-06
Chapter X Diseases of the respiratory system,Idiopathic pulmonary fibrosis,HSPG2,Basement membrane-specific heparan sulfate proteoglycan core protein,48145,128,3.42 [2.33-5.01],2.9408449906542805e-10
Chapter X Diseases of the respiratory system,Idiopathic pulmonary fibrosis,ICAM1,Intercellular adhesion molecule 1,48292,128,9.31 [6.55-13.24],2.1080576804969085e-35
Chapter X Diseases of the respiratory system,Idiopathic pulmonary fibrosis,ICAM5,Intercellular adhesion molecule 5,48492,126,4.13 [3.05-5.60],5.644974150015095e-20
Chapter X Diseases of the respiratory system,Idiopathic pulmonary fibrosis,IFI30,Gamma-interferon-inducible lysosomal thiol reductase,40910,119,5.47 [4.17-7.19],2.392814240272969e-34
Chapter X Diseases of the respiratory system,Idiopathic pulmonary fibrosis,IGFBP4,Insulin-like growth factor-binding protein 4,47887,124,2.47 [1.97-3.09],6.6196932463990325e-15
Chapter X Diseases of the respiratory system,Idiopathic pulmonary fibrosis,IGFBP7,Insulin-like growth factor-binding protein 7,49086,127,2.12 [1.52-2.96],8.961923806420083e-06
Chapter X Diseases of the respiratory system,Idiopathic pulmonary fibrosis,IGFBPL1,Insulin-like growth factor-binding protein-like 1,48492,126,3.10 [2.17-4.44],5.729427893611313e-10
Chapter X Diseases of the respiratory system,Idiopathic pulmonary fibrosis,IGLC2,Immunoglobulin lambda constant 2,42090,124,2.21 [1.68-2.90],1.0069840069707889e-08
Chapter X Diseases of the respiratory system,Idiopathic pulmonary fibrosis,IL10,Interleukin-10,47588,122,1.37 [1.19-1.57],6.109477447261293e-06
Chapter X Diseases of the respiratory system,Idiopathic pulmonary fibrosis,IL10RB,Interleukin-10 receptor subunit beta,48704,128,2.66 [1.79-3.95],1.3021333445743976e-06
Chapter X Diseases of the respiratory system,Idiopathic pulmonary fibrosis,IL15,Interleukin-15,48430,125,4.27 [3.05-5.99],3.745468593906969e-17
Chapter X Diseases of the respiratory system,Idiopathic pulmonary fibrosis,IL18,Interleukin-18,48304,127,2.09 [1.58-2.75],1.6433180763779996e-07
Chapter X Diseases of the respiratory system,Idiopathic pulmonary fibrosis,IL18BP,Interleukin-18-binding protein,48691,128,3.87 [2.66-5.62],1.1809543543888469e-12
Chapter X Diseases of the respiratory system,Idiopathic pulmonary fibrosis,IL18R1,Interleukin-18 receptor 1,49021,126,2.94 [1.91-4.51],8.225468776481634e-07
Chapter X Diseases of the respiratory system,Idiopathic pulmonary fibrosis,IL1RL1,Interleukin-1 receptor-like 1,48926,127,2.48 [1.80-3.41],2.4015328682112445e-08
Chapter X Diseases of the respiratory system,Idiopathic pulmonary fibrosis,IL1RN,Interleukin-1 receptor antagonist protein,48389,128,2.24 [1.90-2.65],1.4304870231020697e-21
Chapter X Diseases of the respiratory system,Idiopathic pulmonary fibrosis,IL22,Interleukin-22,41902,123,1.62 [1.33-1.97],1.3355380075288017e-06
Chapter X Diseases of the respiratory system,Idiopathic pulmonary fibrosis,IL2RA,Interleukin-2 receptor subunit alpha,48142,122,2.90 [2.16-3.90],1.507462465376981e-12
Chapter X Diseases of the respiratory system,Idiopathic pulmonary fibrosis,IL32,Interleukin-32,48430,125,1.88 [1.42-2.48],9.510262080895894e-06
Chapter X Diseases of the respiratory system,Idiopathic pulmonary fibrosis,IL6,Interleukin-6,48272,124,1.65 [1.49-1.84],1.0796130753351059e-20
Chapter X Diseases of the respiratory system,Idiopathic pulmonary fibrosis,INHBB,Inhibin beta B chain,41176,123,2.22 [1.70-2.89],3.6250646957420007e-09
Chapter X Diseases of the respiratory system,Idiopathic pulmonary fibrosis,ITGA11,Integrin alpha-11,48430,125,0.36 [0.23-0.56],6.453938929681248e-06
Chapter X Diseases of the respiratory system,Idiopathic pulmonary fibrosis,ITGA5,Integrin alpha-5,48501,127,6.42 [3.80-10.83],3.327584917762741e-12
Chapter X Diseases of the respiratory system,Idiopathic pulmonary fibrosis,ITGAV,Integrin alpha-V,48907,126,0.12 [0.05-0.28],1.867476822103288e-06
Chapter X Diseases of the respiratory system,Idiopathic pulmonary fibrosis,ITGB6,Integrin beta-6,47588,122,4.26 [2.58-7.04],1.627459123104154e-08
Chapter X Diseases of the respiratory system,Idiopathic pulmonary fibrosis,KLK11,Kallikrein-11,48178,121,2.05 [1.50-2.80],5.767978682860784e-06
Chapter X Diseases of the respiratory system,Idiopathic pulmonary fibrosis,KLK4,Kallikrein-4,48907,126,1.74 [1.45-2.08],2.7085491625912567e-09
Chapter X Diseases of the respiratory system,Idiopathic pulmonary fibrosis,KRT18,"Keratin, type I cytoskeletal 18",48272,124,1.57 [1.35-1.84],1.0885087776552321e-08
Chapter X Diseases of the respiratory system,Idiopathic pulmonary fibrosis,KRT19,"Keratin, type I cytoskeletal 19",48348,124,2.42 [2.07-2.82],1.509772635677553e-29
Chapter X Diseases of the respiratory system,Idiopathic pulmonary fibrosis,LAIR1,Leukocyte-associated immunoglobulin-like receptor 1,48460,127,2.44 [1.92-3.10],3.718334880561712e-13
Chapter X Diseases of the respiratory system,Idiopathic pulmonary fibrosis,LAMP3,Lysosome-associated membrane glycoprotein 3,48942,126,6.36 [4.82-8.39],5.5497436023188145e-39
Chapter X Diseases of the respiratory system,Idiopathic pulmonary fibrosis,LAYN,Layilin,48048,123,2.75 [1.97-3.84],2.533821806499061e-09
Chapter X Diseases of the respiratory system,Idiopathic pulmonary fibrosis,LBP,Lipopolysaccharide-binding protein,48691,128,1.78 [1.39-2.27],3.4752945637506383e-06
Chapter X Diseases of the respiratory system,Idiopathic pulmonary fibrosis,LCN2,Neutrophil gelatinase-associated lipocalin,47046,121,2.21 [1.64-2.99],2.343592769063469e-07
Chapter X Diseases of the respiratory system,Idiopathic pulmonary fibrosis,LCP1,Plastin-2,42100,122,2.20 [1.71-2.82],5.948690613406026e-10
Chapter X Diseases of the respiratory system,Idiopathic pulmonary fibrosis,LGALS3,Galectin-3,48616,127,3.88 [2.56-5.87],1.560235607566929e-10
Chapter X Diseases of the respiratory system,Idiopathic pulmonary fibrosis,LGALS4,Galectin-4,48460,127,1.76 [1.38-2.25],5.037699677487416e-06
Chapter X Diseases of the respiratory system,Idiopathic pulmonary fibrosis,LGALS9,Galectin-9,48465,128,7.90 [5.48-11.40],1.840899715965352e-28
Chapter X Diseases of the respiratory system,Idiopathic pulmonary fibrosis,LILRA5,Leukocyte immunoglobulin-like receptor subfamily A member 5,48422,126,4.92 [3.26-7.43],3.705533699254452e-14
Chapter X Diseases of the respiratory system,Idiopathic pulmonary fibrosis,LILRB4,Leukocyte immunoglobulin-like receptor subfamily B member 4,47588,122,3.02 [2.23-4.09],8.323734724748363e-13
Chapter X Diseases of the respiratory system,Idiopathic pulmonary fibrosis,LMNB1,Lamin-B1,41845,122,1.77 [1.51-2.06],5.193555113753941e-13
Chapter X Diseases of the respiratory system,Idiopathic pulmonary fibrosis,LMNB2,Lamin-B2,41993,123,5.32 [3.89-7.26],6.968599585408561e-26
Chapter X Diseases of the respiratory system,Idiopathic pulmonary fibrosis,LPCAT2,Lysophosphatidylcholine acyltransferase 2,48272,124,1.62 [1.35-1.93],1.1617791341084441e-07
Chapter X Diseases of the respiratory system,Idiopathic pulmonary fibrosis,LRG1,Leucine-rich alpha-2-glycoprotein,42160,124,5.35 [3.28-8.71],1.6464305131964457e-11
Chapter X Diseases of the respiratory system,Idiopathic pulmonary fibrosis,LRIG1,Leucine-rich repeats and immunoglobulin-like domains protein 1,48766,126,3.78 [2.57-5.55],1.2230140528156076e-11
Chapter X Diseases of the respiratory system,Idiopathic pulmonary fibrosis,LRRC25,Leucine-rich repeat-containing protein 25,48272,124,2.18 [1.63-2.91],1.546657673362758e-07
Chapter X Diseases of the respiratory system,Idiopathic pulmonary fibrosis,LRRN1,Leucine-rich repeat neuronal protein 1,47588,122,0.35 [0.24-0.52],1.6424382534936432e-07
Chapter X Diseases of the respiratory system,Idiopathic pulmonary fibrosis,LTA4H,Leukotriene A-4 hydrolase,48907,126,2.47 [2.01-3.03],6.740053085133166e-18
Chapter X Diseases of the respiratory system,Idiopathic pulmonary fibrosis,LTBP2,Latent-transforming growth factor beta-binding protein 2,49086,127,6.36 [4.67-8.66],9.616606447938311e-32
Chapter X Diseases of the respiratory system,Idiopathic pulmonary fibrosis,LY96,Lymphocyte antigen 96,48128,124,2.52 [1.85-3.44],4.936785006852825e-09
Chapter X Diseases of the respiratory system,Idiopathic pulmonary fibrosis,LYPD3,Ly6/PLAUR domain-containing protein 3,48260,121,2.64 [1.82-3.83],2.786021958271125e-07
Chapter X Diseases of the respiratory system,Idiopathic pulmonary fibrosis,MAD1L1,Mitotic spindle assembly checkpoint protein MAD1,47969,123,1.85 [1.59-2.15],2.0664148346146248e-15
Chapter X Diseases of the respiratory system,Idiopathic pulmonary fibrosis,MAMDC2,MAM domain-containing protein 2,42094,123,4.58 [3.27-6.43],1.2132004730602637e-18
Chapter X Diseases of the respiratory system,Idiopathic pulmonary fibrosis,MDK,Midkine,48491,123,1.65 [1.33-2.04],4.064273762383822e-06
Chapter X Diseases of the respiratory system,Idiopathic pulmonary fibrosis,MERTK,Tyrosine-protein kinase Mer,49021,126,4.63 [2.78-7.72],4.187608327094058e-09
Chapter X Diseases of the respiratory system,Idiopathic pulmonary fibrosis,MMP10,Stromelysin-2,48382,128,1.68 [1.35-2.11],4.818823838204572e-06
Chapter X Diseases of the respiratory system,Idiopathic pulmonary fibrosis,MMP12,Macrophage metalloelastase,48534,126,2.59 [2.06-3.24],1.5520817458759562e-16
Chapter X Diseases of the respiratory system,Idiopathic pulmonary fibrosis,MMP3,Stromelysin-1,48501,127,2.11 [1.64-2.72],5.118788512858598e-09
Chapter X Diseases of the respiratory system,Idiopathic pulmonary fibrosis,MMP7,Matrilysin,47543,128,3.47 [2.56-4.70],8.333025427023813e-16
Chapter X Diseases of the respiratory system,Idiopathic pulmonary fibrosis,MMP8,Neutrophil collagenase,48841,129,1.65 [1.39-1.96],1.4105023680115277e-08
Chapter X Diseases of the respiratory system,Idiopathic pulmonary fibrosis,MMP9,Matrix metalloproteinase-9,48421,127,2.05 [1.59-2.65],3.044629548352456e-08
Chapter X Diseases of the respiratory system,Idiopathic pulmonary fibrosis,MPO,Myeloperoxidase,48501,127,2.32 [1.85-2.89],1.4558457950038622e-13
Chapter X Diseases of the respiratory system,Idiopathic pulmonary fibrosis,MRC1,Macrophage mannose receptor 1,42126,124,9.65 [6.27-14.85],6.94019226305001e-25
Chapter X Diseases of the respiratory system,Idiopathic pulmonary fibrosis,MSLN,Mesothelin,48190,123,3.23 [2.62-4.00],1.7144059115368882e-27
Chapter X Diseases of the respiratory system,Idiopathic pulmonary fibrosis,MSR1,Macrophage scavenger receptor types I and II,48921,129,3.42 [2.57-4.55],2.7290270120569374e-17
Chapter X Diseases of the respiratory system,Idiopathic pulmonary fibrosis,MTUS1,Microtubule-associated tumor suppressor 1,41323,121,1.72 [1.39-2.14],9.150736534002348e-07
Chapter X Diseases of the respiratory system,Idiopathic pulmonary fibrosis,MYL4,Myosin light chain 4,40960,124,1.69 [1.35-2.11],4.323321297098949e-06
Chapter X Diseases of the respiratory system,Idiopathic pulmonary fibrosis,MYLPF,"Myosin regulatory light chain 2, skeletal muscle isoform",40925,120,1.66 [1.34-2.06],3.4313824445319406e-06
Chapter X Diseases of the respiratory system,Idiopathic pulmonary fibrosis,MZB1,Marginal zone B- and B1-cell-specific protein,48623,128,2.90 [2.29-3.66],4.313711148654917e-19
Chapter X Diseases of the respiratory system,Idiopathic pulmonary fibrosis,NADK,NAD kinase,48492,126,1.57 [1.30-1.91],4.435179136290253e-06
Chapter X Diseases of the respiratory system,Idiopathic pulmonary fibrosis,NBL1,Neuroblastoma suppressor of tumorigenicity 1,48642,123,4.67 [2.90-7.51],2.2116151638381983e-10
Chapter X Diseases of the respiratory system,Idiopathic pulmonary fibrosis,NCF2,Neutrophil cytosol factor 2,48349,125,1.38 [1.19-1.59],9.553825381286204e-06
Chapter X Diseases of the respiratory system,Idiopathic pulmonary fibrosis,NCR3LG1,Natural cytotoxicity triggering receptor 3 ligand 1,41923,122,3.37 [2.35-4.83],3.8838243517017066e-11
Chapter X Diseases of the respiratory system,Idiopathic pulmonary fibrosis,NECTIN2,Nectin-2,48422,126,3.17 [2.11-4.77],3.1604031339146066e-08
Chapter X Diseases of the respiratory system,Idiopathic pulmonary fibrosis,NECTIN4,Nectin-4,48642,123,2.41 [1.73-3.36],1.951772956928937e-07
Chapter X Diseases of the respiratory system,Idiopathic pulmonary fibrosis,NEFL,Neurofilament light polypeptide,47224,124,1.87 [1.43-2.43],3.717615152135331e-06
Chapter X Diseases of the respiratory system,Idiopathic pulmonary fibrosis,NELL2,Protein kinase C-binding protein NELL2,48704,128,3.33 [2.16-5.13],5.110259111172501e-08
Chapter X Diseases of the respiratory system,Idiopathic pulmonary fibrosis,NHLRC3,NHL repeat-containing protein 3,40179,120,3.60 [2.10-6.16],3.142054650914343e-06
Chapter X Diseases of the respiratory system,Idiopathic pulmonary fibrosis,NOS3,"Nitric oxide synthase, endothelial",47371,124,2.18 [1.91-2.48],7.986715524306092e-31
Chapter X Diseases of the respiratory system,Idiopathic pulmonary fibrosis,NPC2,NPC intracellular cholesterol transporter 2,41390,119,4.06 [3.19-5.16],4.379134090064177e-30
Chapter X Diseases of the respiratory system,Idiopathic pulmonary fibrosis,NPDC1,Neural proliferation differentiation and control protein 1,48492,126,2.77 [2.04-3.78],9.964185180162655e-11
Chapter X Diseases of the respiratory system,Idiopathic pulmonary fibrosis,NPL,N-acetylneuraminate lyase,42094,123,3.13 [2.35-4.17],5.539383141670837e-15
Chapter X Diseases of the respiratory system,Idiopathic pulmonary fibrosis,NPTX2,Neuronal pentraxin-2,42100,122,3.20 [1.97-5.20],2.4141021187922724e-06
Chapter X Diseases of the respiratory system,Idiopathic pulmonary fibrosis,NRCAM,Neuronal cell adhesion molecule,48492,126,3.54 [2.32-5.41],5.273878124837961e-09
Chapter X Diseases of the respiratory system,Idiopathic pulmonary fibrosis,NRP2,Neuropilin-2,48501,127,4.36 [2.99-6.36],2.3069111706226052e-14
Chapter X Diseases of the respiratory system,Idiopathic pulmonary fibrosis,NT5C1A,Cytosolic 5'-nucleotidase 1A,41993,123,2.53 [1.97-3.25],2.4909204781755294e-13
Chapter X Diseases of the respiratory system,Idiopathic pulmonary fibrosis,OCLN,Occludin,42018,124,3.62 [2.87-4.57],1.2969142612558687e-27
Chapter X Diseases of the respiratory system,Idiopathic pulmonary fibrosis,OLFM4,Olfactomedin-4,39635,120,1.46 [1.27-1.69],2.740278377333229e-07
Chapter X Diseases of the respiratory system,Idiopathic pulmonary fibrosis,OLR1,Oxidized low-density lipoprotein receptor 1,48022,125,1.71 [1.41-2.06],3.4263583806546577e-08
Chapter X Diseases of the respiratory system,Idiopathic pulmonary fibrosis,ORM1,Alpha-1-acid glycoprotein 1,42007,123,7.00 [3.52-13.94],3.0510506954957765e-08
Chapter X Diseases of the respiratory system,Idiopathic pulmonary fibrosis,OSCAR,Osteoclast-associated immunoglobulin-like receptor,48542,128,2.96 [1.88-4.65],2.581459622990128e-06
Chapter X Diseases of the respiratory system,Idiopathic pulmonary fibrosis,OSM,Oncostatin-M,48198,125,1.97 [1.60-2.42],1.5779580465073732e-10
Chapter X Diseases of the respiratory system,Idiopathic pulmonary fibrosis,OSMR,Oncostatin-M-specific receptor subunit beta,48774,129,5.92 [3.01-11.63],2.469432271781781e-07
Chapter X Diseases of the respiratory system,Idiopathic pulmonary fibrosis,PALM2,Paralemmin-2,41993,123,2.50 [1.82-3.42],1.3604913608187825e-08
Chapter X Diseases of the respiratory system,Idiopathic pulmonary fibrosis,PCDH17,Protocadherin-17,48492,126,2.30 [1.61-3.28],4.8353969060517045e-06
Chapter X Diseases of the respiratory system,Idiopathic pulmonary fibrosis,PDCD1,Programmed cell death protein 1,48827,126,2.56 [2.01-3.26],2.201171947228365e-14
Chapter X Diseases of the respiratory system,Idiopathic pulmonary fibrosis,PDCD1LG2,Programmed cell death 1 ligand 2,48272,124,2.64 [1.74-3.99],4.364900243655147e-06
Chapter X Diseases of the respiratory system,Idiopathic pulmonary fibrosis,PGF,Placenta growth factor,49021,126,3.38 [2.51-4.54],1.0306112184935825e-15
Chapter X Diseases of the respiratory system,Idiopathic pulmonary fibrosis,PGLYRP1,Peptidoglycan recognition protein 1,48850,127,1.96 [1.46-2.62],6.61978720111373e-06
Chapter X Diseases of the respiratory system,Idiopathic pulmonary fibrosis,PIGR,Polymeric immunoglobulin receptor,47866,123,4.01 [2.89-5.55],6.199799881098331e-17
Chapter X Diseases of the respiratory system,Idiopathic pulmonary fibrosis,PILRA,Paired immunoglobulin-like type 2 receptor alpha,48501,127,2.91 [2.03-4.18],6.733172227493846e-09
Chapter X Diseases of the respiratory system,Idiopathic pulmonary fibrosis,PILRB,Paired immunoglobulin-like type 2 receptor beta,48492,126,2.04 [1.50-2.77],4.52773640108204e-06
Chapter X Diseases of the respiratory system,Idiopathic pulmonary fibrosis,PLA2G10,Group 10 secretory phospholipase A2,48128,124,2.07 [1.59-2.70],5.796637098916065e-08
Chapter X Diseases of the respiratory system,Idiopathic pulmonary fibrosis,PLA2G15,Phospholipase A2 group XV,48642,123,4.04 [2.42-6.73],8.70832081530196e-08
Chapter X Diseases of the respiratory system,Idiopathic pulmonary fibrosis,PLA2G2A,"Phospholipase A2, membrane associated",48391,127,1.56 [1.30-1.87],1.308475614210317e-06
Chapter X Diseases of the respiratory system,Idiopathic pulmonary fibrosis,PLAT,Tissue-type plasminogen activator,48926,127,2.58 [1.96-3.41],2.1091389109660603e-11
Chapter X Diseases of the respiratory system,Idiopathic pulmonary fibrosis,PLAU,Urokinase-type plasminogen activator,48501,127,1.94 [1.46-2.58],5.07656135978449e-06
Chapter X Diseases of the respiratory system,Idiopathic pulmonary fibrosis,POF1B,Protein POF1B,40887,124,1.82 [1.42-2.32],1.6018033853248066e-06
Chapter X Diseases of the respiratory system,Idiopathic pulmonary fibrosis,POLR2F,"DNA-directed RNA polymerases I, II, and III subunit RPABC2",48272,124,2.01 [1.57-2.58],2.9094017504610294e-08
Chapter X Diseases of the respiratory system,Idiopathic pulmonary fibrosis,POSTN,Periostin,42100,122,2.53 [1.71-3.76],3.6301986475001648e-06
Chapter X Diseases of the respiratory system,Idiopathic pulmonary fibrosis,PPL,Periplakin,40887,124,2.11 [1.52-2.92],7.875661049122303e-06
Chapter X Diseases of the respiratory system,Idiopathic pulmonary fibrosis,PRAP1,Proline-rich acidic protein 1,42100,122,3.04 [1.95-4.74],9.188901518680792e-07
Chapter X Diseases of the respiratory system,Idiopathic pulmonary fibrosis,PRG2,Bone marrow proteoglycan,42100,122,2.27 [1.71-3.01],1.5119606762780915e-08
Chapter X Diseases of the respiratory system,Idiopathic pulmonary fibrosis,PRSS2,Trypsin-2,48691,128,1.69 [1.36-2.10],2.019565413825909e-06
Chapter X Diseases of the respiratory system,Idiopathic pulmonary fibrosis,PRSS22,Brain-specific serine protease 4,40887,124,1.91 [1.48-2.45],5.173773437275529e-07
Chapter X Diseases of the respiratory system,Idiopathic pulmonary fibrosis,PRSS8,Prostasin,48308,128,5.69 [4.23-7.64],7.233646526258083e-31
Chapter X Diseases of the respiratory system,Idiopathic pulmonary fibrosis,PRTN3,Myeloblastin,47285,123,1.80 [1.47-2.22],2.7614883499186498e-08
Chapter X Diseases of the respiratory system,Idiopathic pulmonary fibrosis,PSAP,Prosaposin,41708,122,3.45 [2.58-4.60],4.310444826637971e-17
Chapter X Diseases of the respiratory system,Idiopathic pulmonary fibrosis,PTGDS,Prostaglandin-H2 D-isomerase,48141,128,2.78 [1.94-3.98],2.163083912313944e-08
Chapter X Diseases of the respiratory system,Idiopathic pulmonary fibrosis,PTPRK,Receptor-type tyrosine-protein phosphatase kappa,41923,122,2.90 [1.88-4.47],1.5052773774203731e-06
Chapter X Diseases of the respiratory system,Idiopathic pulmonary fibrosis,PTPRN2,Receptor-type tyrosine-protein phosphatase N2,47970,122,3.49 [2.53-4.83],4.1568460232453125e-14
Chapter X Diseases of the respiratory system,Idiopathic pulmonary fibrosis,RALY,RNA-binding protein Raly,41902,123,1.72 [1.40-2.11],2.428204994518712e-07
Chapter X Diseases of the respiratory system,Idiopathic pulmonary fibrosis,RBFOX3,RNA binding protein fox-1 homolog 3,42018,124,2.64 [2.16-3.23],3.3893685094604465e-21
Chapter X Diseases of the respiratory system,Idiopathic pulmonary fibrosis,RBP5,Retinol-binding protein 5,48272,124,1.81 [1.44-2.29],5.439567218531349e-07
Chapter X Diseases of the respiratory system,Idiopathic pulmonary fibrosis,RBP7,Retinoid-binding protein 7,41923,122,1.90 [1.58-2.28],7.277781252531274e-12
Chapter X Diseases of the respiratory system,Idiopathic pulmonary fibrosis,RCC1,Regulator of chromosome condensation,41902,123,1.62 [1.32-1.98],4.467922946463646e-06
Chapter X Diseases of the respiratory system,Idiopathic pulmonary fibrosis,REG1A,Lithostathine-1-alpha,48212,127,1.95 [1.56-2.45],7.824212389035219e-09
Chapter X Diseases of the respiratory system,Idiopathic pulmonary fibrosis,REG1B,Lithostathine-1-beta,49086,127,1.79 [1.46-2.19],2.157690467974081e-08
Chapter X Diseases of the respiratory system,Idiopathic pulmonary fibrosis,REG3A,Regenerating islet-derived protein 3-alpha,49086,127,2.05 [1.70-2.46],2.8388433148717867e-14
Chapter X Diseases of the respiratory system,Idiopathic pulmonary fibrosis,RELT,Tumor necrosis factor receptor superfamily member 19L,48501,127,4.29 [3.00-6.12],1.0830397937870922e-15
Chapter X Diseases of the respiratory system,Idiopathic pulmonary fibrosis,REN,Renin,48492,126,1.73 [1.50-2.00],1.2886985252293873e-13
Chapter X Diseases of the respiratory system,Idiopathic pulmonary fibrosis,RNASE1,Ribonuclease pancreatic,42126,124,3.38 [2.34-4.89],1.0686162072293935e-10
Chapter X Diseases of the respiratory system,Idiopathic pulmonary fibrosis,RNASE4,Ribonuclease 4,40724,122,3.67 [2.64-5.10],8.1293350526989e-15
Chapter X Diseases of the respiratory system,Idiopathic pulmonary fibrosis,RNASE6,Ribonuclease K6,41822,123,2.54 [2.01-3.22],8.120257445874111e-15
Chapter X Diseases of the respiratory system,Idiopathic pulmonary fibrosis,RNF149,E3 ubiquitin-protein ligase RNF149,40960,124,4.22 [2.87-6.21],3.02191469106821e-13
Chapter X Diseases of the respiratory system,Idiopathic pulmonary fibrosis,ROBO1,Roundabout homolog 1,48542,128,4.18 [2.59-6.74],4.6254457820300495e-09
Chapter X Diseases of the respiratory system,Idiopathic pulmonary fibrosis,RRM2,Ribonucleoside-diphosphate reductase subunit M2,47376,121,1.70 [1.45-1.98],1.9503432553219758e-11
Chapter X Diseases of the respiratory system,Idiopathic pulmonary fibrosis,S100A11,Protein S100-A11,48107,126,1.67 [1.35-2.06],1.7655950458530285e-06
Chapter X Diseases of the respiratory system,Idiopathic pulmonary fibrosis,S100A12,Protein S100-A12,47811,122,1.68 [1.38-2.04],1.6689710664599797e-07
Chapter X Diseases of the respiratory system,Idiopathic pulmonary fibrosis,S100P,Protein S100-P,47618,128,1.74 [1.47-2.08],3.6154409149318456e-10
Chapter X Diseases of the respiratory system,Idiopathic pulmonary fibrosis,SCARB2,Lysosome membrane protein 2,47210,119,2.92 [2.09-4.06],2.713781867991201e-10
Chapter X Diseases of the respiratory system,Idiopathic pulmonary fibrosis,SCGB1A1,Uteroglobin,48544,128,2.87 [2.12-3.89],9.839719397101339e-12
Chapter X Diseases of the respiratory system,Idiopathic pulmonary fibrosis,SCGB3A2,Secretoglobin family 3A member 2,48623,128,1.63 [1.48-1.80],4.336561365112201e-23
Chapter X Diseases of the respiratory system,Idiopathic pulmonary fibrosis,SCRG1,Scrapie-responsive protein 1,42094,123,2.88 [2.01-4.13],8.091434836029194e-09
Chapter X Diseases of the respiratory system,Idiopathic pulmonary fibrosis,SDC1,Syndecan-1,48492,126,2.57 [1.99-3.32],4.724121106346112e-13
Chapter X Diseases of the respiratory system,Idiopathic pulmonary fibrosis,SEL1L,Protein sel-1 homolog 1,40960,124,2.03 [1.59-2.61],2.01905084114972e-08
Chapter X Diseases of the respiratory system,Idiopathic pulmonary fibrosis,SELE,E-selectin,49086,127,3.23 [2.37-4.38],6.814689090751332e-14
Chapter X Diseases of the respiratory system,Idiopathic pulmonary fibrosis,SELPLG,P-selectin glycoprotein ligand 1,48430,125,0.39 [0.27-0.57],4.82000058731326e-07
Chapter X Diseases of the respiratory system,Idiopathic pulmonary fibrosis,SEMA3F,Semaphorin-3F,48492,126,3.74 [2.18-6.40],1.6259566588782729e-06
Chapter X Diseases of the respiratory system,Idiopathic pulmonary fibrosis,SEMA3G,Semaphorin-3G,41176,123,2.18 [1.62-2.95],3.5852756440392865e-07
Chapter X Diseases of the respiratory system,Idiopathic pulmonary fibrosis,SEPTIN8,Septin-8,41913,122,2.79 [2.01-3.87],7.257758065740943e-10
Chapter X Diseases of the respiratory system,Idiopathic pulmonary fibrosis,SERPINA11,Serpin A11,49086,127,3.68 [2.48-5.46],1.0626454914069843e-10
Chapter X Diseases of the respiratory system,Idiopathic pulmonary fibrosis,SERPINA3,Alpha-1-antichymotrypsin,42009,124,8.06 [4.46-14.56],4.524556616183936e-12
Chapter X Diseases of the respiratory system,Idiopathic pulmonary fibrosis,SERPINB8,Serpin B8,49021,126,1.63 [1.40-1.90],1.6390250113675975e-10
Chapter X Diseases of the respiratory system,Idiopathic pulmonary fibrosis,SEZ6L2,Seizure 6-like protein 2,48272,124,4.66 [3.05-7.12],1.0546905303031388e-12
Chapter X Diseases of the respiratory system,Idiopathic pulmonary fibrosis,SFRP1,Secreted frizzled-related protein 1,47972,123,1.86 [1.44-2.40],1.9974131203382443e-06
Chapter X Diseases of the respiratory system,Idiopathic pulmonary fibrosis,SFTPA1,Pulmonary surfactant-associated protein A1,47376,121,1.68 [1.44-1.94],8.340499279429485e-12
Chapter X Diseases of the respiratory system,Idiopathic pulmonary fibrosis,SFTPA2,Pulmonary surfactant-associated protein A2,47376,121,3.49 [2.90-4.22],6.535287340768083e-39
Chapter X Diseases of the respiratory system,Idiopathic pulmonary fibrosis,SFTPD,Pulmonary surfactant-associated protein D,48492,126,4.52 [3.56-5.74],2.407977697515312e-35
Chapter X Diseases of the respiratory system,Idiopathic pulmonary fibrosis,SHISA5,Protein shisa-5,42100,122,3.82 [2.86-5.11],1.5294760810404186e-19
Chapter X Diseases of the respiratory system,Idiopathic pulmonary fibrosis,SIGLEC1,Sialoadhesin,48704,128,2.66 [1.97-3.59],1.7892267761888826e-10
Chapter X Diseases of the respiratory system,Idiopathic pulmonary fibrosis,SIGLEC10,Sialic acid-binding Ig-like lectin 10,48430,125,2.89 [2.08-4.02],2.768158645183601e-10
Chapter X Diseases of the respiratory system,Idiopathic pulmonary fibrosis,SIGLEC8,Sialic acid-binding Ig-like lectin 8,40960,124,3.74 [2.71-5.16],1.0343019626455982e-15
Chapter X Diseases of the respiratory system,Idiopathic pulmonary fibrosis,SLAMF8,SLAM family member 8,47376,121,2.65 [2.03-3.45],4.850599516751723e-13
Chapter X Diseases of the respiratory system,Idiopathic pulmonary fibrosis,SNRPB2,U2 small nuclear ribonucleoprotein B'',41993,123,1.66 [1.40-1.96],3.143247365101605e-09
Chapter X Diseases of the respiratory system,Idiopathic pulmonary fibrosis,SORCS2,VPS10 domain-containing receptor SorCS2,47376,121,2.74 [1.91-3.92],4.08303690721002e-08
Chapter X Diseases of the respiratory system,Idiopathic pulmonary fibrosis,SPINK1,Serine protease inhibitor Kazal-type 1,48501,127,2.40 [1.87-3.08],7.73517666937221e-12
Chapter X Diseases of the respiratory system,Idiopathic pulmonary fibrosis,SPINT1,Kunitz-type protease inhibitor 1,48339,127,6.26 [4.69-8.35],1.3210408765963078e-35
Chapter X Diseases of the respiratory system,Idiopathic pulmonary fibrosis,SPON1,Spondin-1,48542,128,3.83 [2.87-5.11],7.213036144906666e-20
Chapter X Diseases of the respiratory system,Idiopathic pulmonary fibrosis,SPON2,Spondin-2,48259,124,4.31 [2.99-6.21],4.694474798382133e-15
Chapter X Diseases of the respiratory system,Idiopathic pulmonary fibrosis,SRPX,Sushi repeat-containing protein SRPX,42094,123,3.04 [2.02-4.56],8.747594943912968e-08
Chapter X Diseases of the respiratory system,Idiopathic pulmonary fibrosis,SSC5D,Soluble scavenger receptor cysteine-rich domain-containing protein SSC5D,48691,128,2.43 [1.69-3.49],1.3796681971068105e-06
Chapter X Diseases of the respiratory system,Idiopathic pulmonary fibrosis,ST6GAL1,"Beta-galactoside alpha-2,6-sialyltransferase 1",49086,127,2.45 [1.67-3.58],4.11582297059183e-06
Chapter X Diseases of the respiratory system,Idiopathic pulmonary fibrosis,STC1,Stanniocalcin-1,48921,129,1.99 [1.50-2.64],2.0418468741606725e-06
Chapter X Diseases of the respiratory system,Idiopathic pulmonary fibrosis,TCOF1,Treacle protein,42094,123,2.56 [1.94-3.39],5.018167010916191e-11
Chapter X Diseases of the respiratory system,Idiopathic pulmonary fibrosis,TFF2,Trefoil factor 2,48623,128,1.76 [1.42-2.20],4.3725830438475124e-07
Chapter X Diseases of the respiratory system,Idiopathic pulmonary fibrosis,TFF3,Trefoil factor 3,48459,129,2.01 [1.66-2.42],4.3531892347069253e-13
Chapter X Diseases of the respiratory system,Idiopathic pulmonary fibrosis,TFPI2,Tissue factor pathway inhibitor 2,48492,123,1.71 [1.40-2.08],1.1807379976231468e-07
Chapter X Diseases of the respiratory system,Idiopathic pulmonary fibrosis,TFRC,Transferrin receptor protein 1,48694,129,2.98 [2.18-4.07],7.69044776532833e-12
Chapter X Diseases of the respiratory system,Idiopathic pulmonary fibrosis,TGFA,Protransforming growth factor alpha,48430,125,2.83 [2.23-3.60],2.101664513974961e-17
Chapter X Diseases of the respiratory system,Idiopathic pulmonary fibrosis,THBS2,Thrombospondin-2,48501,127,2.23 [1.66-2.99],9.102812657044673e-08
Chapter X Diseases of the respiratory system,Idiopathic pulmonary fibrosis,THOP1,Thimet oligopeptidase,48261,126,3.10 [2.09-4.58],1.6829536754263103e-08
Chapter X Diseases of the respiratory system,Idiopathic pulmonary fibrosis,THY1,Thy-1 membrane glycoprotein,48921,129,3.09 [1.96-4.86],1.154871415416826e-06
Chapter X Diseases of the respiratory system,Idiopathic pulmonary fibrosis,TIMP1,Metalloproteinase inhibitor 1,47982,128,3.65 [2.52-5.28],6.3362085790978185e-12
Chapter X Diseases of the respiratory system,Idiopathic pulmonary fibrosis,TNC,Tenascin,48691,128,2.46 [1.83-3.30],1.97842185142786e-09
Chapter X Diseases of the respiratory system,Idiopathic pulmonary fibrosis,TNF,Tumor necrosis factor,47542,128,2.10 [1.75-2.52],1.0366229674188658e-15
Chapter X Diseases of the respiratory system,Idiopathic pulmonary fibrosis,TNFRSF10A,Tumor necrosis factor receptor superfamily member 10A,48128,124,2.95 [2.23-3.90],2.443186909895476e-14
Chapter X Diseases of the respiratory system,Idiopathic pulmonary fibrosis,TNFRSF10B,Tumor necrosis factor receptor superfamily member 10B,48128,124,1.74 [1.55-1.94],8.885407765113324e-22
Chapter X Diseases of the respiratory system,Idiopathic pulmonary fibrosis,TNFRSF11A,Tumor necrosis factor receptor superfamily member 11A,49021,126,2.46 [1.81-3.35],1.0440513515815857e-08
Chapter X Diseases of the respiratory system,Idiopathic pulmonary fibrosis,TNFRSF12A,Tumor necrosis factor receptor superfamily member 12A,48642,123,2.83 [2.03-3.95],8.377140277236339e-10
Chapter X Diseases of the respiratory system,Idiopathic pulmonary fibrosis,TNFRSF19,Tumor necrosis factor receptor superfamily member 19,48907,126,2.35 [1.64-3.36],3.496619827730876e-06
Chapter X Diseases of the respiratory system,Idiopathic pulmonary fibrosis,TNFRSF1A,Tumor necrosis factor receptor superfamily member 1A,48501,127,4.03 [2.85-5.70],3.497706762440843e-15
Chapter X Diseases of the respiratory system,Idiopathic pulmonary fibrosis,TNFRSF1B,Tumor necrosis factor receptor superfamily member 1B,48501,127,2.38 [1.98-2.86],5.44465952027467e-20
Chapter X Diseases of the respiratory system,Idiopathic pulmonary fibrosis,TNFRSF4,Tumor necrosis factor receptor superfamily member 4,48942,126,3.89 [2.98-5.07],1.0344964388720465e-23
Chapter X Diseases of the respiratory system,Idiopathic pulmonary fibrosis,TNFRSF6B,Tumor necrosis factor receptor superfamily member 6B,48128,124,2.06 [1.71-2.48],4.021898122314216e-14
Chapter X Diseases of the respiratory system,Idiopathic pulmonary fibrosis,TNFRSF8,Tumor necrosis factor receptor superfamily member 8,48921,129,2.70 [2.14-3.41],3.912274904675889e-17
Chapter X Diseases of the respiratory system,Idiopathic pulmonary fibrosis,TNFRSF9,Tumor necrosis factor receptor superfamily member 9,48128,124,2.22 [1.80-2.73],4.076708681394988e-14
Chapter X Diseases of the respiratory system,Idiopathic pulmonary fibrosis,TNFSF13,Tumor necrosis factor ligand superfamily member 13,48704,128,4.09 [2.48-6.74],3.2398848743859354e-08
Chapter X Diseases of the respiratory system,Idiopathic pulmonary fibrosis,TNFSF13B,Tumor necrosis factor ligand superfamily member 13B,49005,127,4.88 [3.61-6.60],6.903649654896e-25
Chapter X Diseases of the respiratory system,Idiopathic pulmonary fibrosis,TREM2,Triggering receptor expressed on myeloid cells 2,48460,127,3.04 [2.39-3.86],9.995465473241022e-20
Chapter X Diseases of the respiratory system,Idiopathic pulmonary fibrosis,TRIM21,E3 ubiquitin-protein ligase TRIM21,48430,125,0.62 [0.53-0.73],7.771423813914984e-09
Chapter X Diseases of the respiratory system,Idiopathic pulmonary fibrosis,TXNDC15,Thioredoxin domain-containing protein 15,48642,123,4.56 [2.98-6.99],3.162342863627179e-12
Chapter X Diseases of the respiratory system,Idiopathic pulmonary fibrosis,ULBP2,UL16-binding protein 2,48128,124,2.29 [1.63-3.21],1.5505693752309717e-06
Chapter X Diseases of the respiratory system,Idiopathic pulmonary fibrosis,UMOD,Uromodulin,48934,127,0.57 [0.44-0.73],7.460277142206185e-06
Chapter X Diseases of the respiratory system,Idiopathic pulmonary fibrosis,VCAM1,Vascular cell adhesion protein 1,48615,128,3.95 [2.49-6.26],4.802577587176435e-09
Chapter X Diseases of the respiratory system,Idiopathic pulmonary fibrosis,VCAN,Versican core protein,48921,129,3.01 [1.88-4.81],3.959749413010513e-06
Chapter X Diseases of the respiratory system,Idiopathic pulmonary fibrosis,VEGFB,Vascular endothelial growth factor B,40887,124,4.48 [2.76-7.27],1.392073851135709e-09
Chapter X Diseases of the respiratory system,Idiopathic pulmonary fibrosis,VSIG2,V-set and immunoglobulin domain-containing protein 2,41902,123,2.03 [1.67-2.47],8.07762846295942e-13
Chapter X Diseases of the respiratory system,Idiopathic pulmonary fibrosis,VSIG4,V-set and immunoglobulin domain-containing protein 4,48432,126,3.63 [2.78-4.73],1.4952618346519959e-21
Chapter X Diseases of the respiratory system,Idiopathic pulmonary fibrosis,VWA1,von Willebrand factor A domain-containing protein 1,48837,126,2.74 [1.95-3.87],8.344767947644697e-09
Chapter X Diseases of the respiratory system,Idiopathic pulmonary fibrosis,WARS,"Tryptophan--tRNA ligase, cytoplasmic",48501,127,3.08 [2.13-4.47],2.648266197621234e-09
Chapter X Diseases of the respiratory system,Idiopathic pulmonary fibrosis,WFDC2,WAP four-disulfide core domain protein 2,46013,116,5.58 [4.56-6.83],2.8466281442764293e-62
Chapter X Diseases of the respiratory system,Idiopathic pulmonary fibrosis,YAP1,Transcriptional coactivator YAP1,41993,123,3.87 [2.65-5.66],3.0512608941975128e-12
Chapter X Diseases of the respiratory system,Idiopathic pulmonary fibrosis,ZBTB17,Zinc finger and BTB domain-containing protein 17,47618,128,1.81 [1.46-2.24],6.301726931175763e-08
