,Disease_code,nb_proteins,Disease,Disease_category
0,AB1_CANDIDIASIS,288,Candidiasis,Chapter I Certain infectious and parasitic diseases
1,AB1_GASTROENTERITIS_NOS,497,Diarrhoea and gastroenteritis of presumed infectious origin,Chapter I Certain infectious and parasitic diseases
2,AB1_INTESTINAL_INFECTIONS,546,Intestinal infectious diseases,Chapter I Certain infectious and parasitic diseases
3,AB1_MYCOSES,329,Mycoses,Chapter I Certain infectious and parasitic diseases
4,AB1_OTHER_BACTERIAL,713,Other bacterial diseases,Chapter I Certain infectious and parasitic diseases
5,AB1_OTHER_BACT_INOTHER,616,Other bacterial agents as the cause of diseases classified to other chapters,Chapter I Certain infectious and parasitic diseases
6,AB1_OTHER_INFECTIONS,4,Other infectious diseases,Chapter I Certain infectious and parasitic diseases
7,AB1_OTHER_SEPSIS,684,Other septicaemia,Chapter I Certain infectious and parasitic diseases
8,AB1_OTHER_VIRAL,125,Other viral diseases,Chapter I Certain infectious and parasitic diseases
9,AB1_STREPTSTAPHYCOCC_INOTHER,470,Streptococcus and staphylococcus as the cause of diseases classified to other chapters,Chapter I Certain infectious and parasitic diseases
10,AB1_VIRAL_HEPATITIS,40,Viral hepatitis,Chapter I Certain infectious and parasitic diseases
11,AB1_VIRAL_INOTHER,128,Viral agents as the cause of diseases classified to other chapters,Chapter I Certain infectious and parasitic diseases
12,AB1_VIRAL_NOS,64,"Other viral diseases, not elsewhere classified",Chapter I Certain infectious and parasitic diseases
13,AB1_VIRAL_OTHER_INTEST_INFECTIONS,181,Viral and other specified intestinal infections,Chapter I Certain infectious and parasitic diseases
14,AB1_VIRAL_SKIN_MUCOUS_MEMBRANE,21,Viral infections characterized by skin and mucous membrane lesions,Chapter I Certain infectious and parasitic diseases
15,AB1_VIRAL_WARTS,1,Viral warts,Chapter I Certain infectious and parasitic diseases
16,AB1_ZOSTER,6,Zoster [herpes zoster],Chapter I Certain infectious and parasitic diseases
17,AD_AM_EXMORE,3,"AlzheimerÕs disease (Atypical or mixed), excluding more controls",Chapter VI Diseases of the nervous system
18,ALLERG_ASTHMA,1,Allergic asthma (mode),Chapter X Diseases of the respiratory system
19,ASTHMA_NAS,253,"Asthma, unspecified (mode)",Chapter X Diseases of the respiratory system
20,AUD,389,"Alcohol use disorder, ICD-based",Chapter V Mental and behavioural disorders
21,BACT_INTEST_INFECTION_NOS,2,Other specified/unspecified bacterial intestinal infections,Chapter I Certain infectious and parasitic diseases
22,C3_BILIARY_GALLBLADDER_EXALLC,114,"Malignant neoplasm of intrahepatic ducts, biliary tract and gallbladder, excluding all cancers (controls excluding all cancers)",Chapter II Neoplasms
23,C3_CLL_EXALLC,157,"Chronic lymphocytic leukaemia and small lyphocytis leukaemia, excluding all cancers (controls excluding all cancers)",Chapter II Neoplasms
24,C3_CORPUS_UTERI_EXALLC,1,"Malignant neoplasm of corpus uteri, excluding all cancers (controls excluding all cancers)",Chapter II Neoplasms
25,C3_DLBCL_EXALLC,38,"Diffuse large B-cell lymphoma, excluding all cancers (controls excluding all cancers)",Chapter II Neoplasms
26,C3_KIDNEY_NOTRENALPELVIS_EXALLC,19,"Malignant neoplasm of kidney, except renal pelvis, excluding all cancers (controls excluding all cancers)",Chapter II Neoplasms
27,C3_LUNG_NONSMALL_EXALLC,24,"Non-small cell lung cancer, excluding all cancers (controls excluding all cancers)",Chapter II Neoplasms
28,C3_NONHODGKIN_EXALLC,113,"Non-Hodgkin lymphoma, all, excluding all cancers (controls excluding all cancers)",Chapter II Neoplasms
29,C3_OESOPHAGUS_EXALLC,3,"Malignant neoplasm of oesophagus, excluding all cancers (controls excluding all cancers)",Chapter II Neoplasms
30,C3_OTHER_SKIN_EXALLC,15,"Other malignant neoplasms of skin (=non-melanoma skin cancer), excluding all cancers (controls excluding all cancers)",Chapter II Neoplasms
31,C3_PROSTATE_EXALLC,3,"Malignant neoplasm of prostate, excluding all cancers (controls excluding all cancers)",Chapter II Neoplasms
32,C3_SQUOMOUS_CELL_CARCINOMA_SKIN_EXALLC,17,"Squamous cell neoplasms and carcinomas of the skin, excluding all cancers (controls excluding all cancers)",Chapter II Neoplasms
33,C3_STOMACH_EXALLC,2,"Malignant neoplasm of stomach, excluding all cancers (controls excluding all cancers)",Chapter II Neoplasms
34,CD2_BENIGN_ASCENDING_COLON,5,Benign neoplasm: Ascending colon,Chapter II Neoplasms
35,CD2_BENIGN_COLORECANI,23,"Benign neoplasm of colon, rectum, anus and anal canal",Chapter II Neoplasms
36,CD2_BENIGN_ENDOCRINE_OTH,10,Benign neoplasm of other and unspecified endocrine glands,Chapter II Neoplasms
37,CD2_BENIGN_LEIOMYOMA_UTERI,25,Leiomyoma of uterus,Chapter II Neoplasms
38,CD2_BENIGN_OTHERDIGESTIVE,6,Benign neoplasm of other and ill-defined parts of digestive system,Chapter II Neoplasms
39,CD2_BENIGN_TRANSVERSE_COLON,3,Benign neoplasm: Transverse colon,Chapter II Neoplasms
40,CD2_LYMPHOID_LEUKAEMIA_EXALLC,147,Lymphoid leukaemia,Chapter II Neoplasms
41,CD2_NONFOLLICULAR_LYMPHOMA_EXALLC,70,"Non-follicular lymphoma, hilmo, excluding all cancers",Chapter II Neoplasms
42,CD2_NONHODGKIN_NAS_EXALLC,105,"Other and unspecified types of non-Hodgkin lymphoma, hilmo, excluding all cancers",Chapter II Neoplasms
43,C_DIFFICILE_ENTEROCOLITIS,186,Enterocolitis due to Clostridium difficile,Chapter I Certain infectious and parasitic diseases
44,CHIRHEP_NAS,660,"Cirrhosis of liver, NAS",Chapter XI Diseases of the digestive system
45,CHRONNAS,137,Crohn's disease NAS,Chapter XI Diseases of the digestive system
46,COPD_EARLY,276,Early onset COPD,Chapter X Diseases of the respiratory system
47,COPD_LATER,366,Later onset COPD,Chapter X Diseases of the respiratory system
48,D3_AGRANULOCYTOSIS,199,Agranulocytosis,Chapter III Diseases of the blood and blood-forming organs and certain disorders involving the immune mechanism
49,D3_ANAEMIA_B12_DEF,86,Vitamin B12 deficiency anaemia,Chapter III Diseases of the blood and blood-forming organs and certain disorders involving the immune mechanism
50,D3_ANAEMIA_FOLATEDEF,84,Folate deficiency anaemia,Chapter III Diseases of the blood and blood-forming organs and certain disorders involving the immune mechanism
51,D3_ANAEMIAINCHRONICDISEASE,616,Anaemia in chronic diseases classified elsewhere,Chapter III Diseases of the blood and blood-forming organs and certain disorders involving the immune mechanism
52,D3_ANAEMIA_IRONDEF_NAS,706,Other and unspecified iron deficiency,Chapter III Diseases of the blood and blood-forming organs and certain disorders involving the immune mechanism
53,D3_ANAEMIANAS,717,Other and unspecified anaemias,Chapter III Diseases of the blood and blood-forming organs and certain disorders involving the immune mechanism
54,D3_COAGOTHER,80,Other coagulation defects,Chapter III Diseases of the blood and blood-forming organs and certain disorders involving the immune mechanism
55,D3_ITP,81,Idiopathic thrombocytopenic purpura,Chapter III Diseases of the blood and blood-forming organs and certain disorders involving the immune mechanism
56,D3_OTHERAPLASTICANAEMIA,256,Other and unspecified aplastic anaemias,Chapter III Diseases of the blood and blood-forming organs and certain disorders involving the immune mechanism
57,D3_OTHERBLOOD,103,Other diseases of blood and blood-forming organs,Chapter III Diseases of the blood and blood-forming organs and certain disorders involving the immune mechanism
58,D3_PURPURA_AND3_OTHER_HAEMORRHAGIC,481,Purpura and other haemorrhagic conditions,Chapter III Diseases of the blood and blood-forming organs and certain disorders involving the immune mechanism
59,D3_SARCOIDOSIS,107,Sarcoidosis,Chapter III Diseases of the blood and blood-forming organs and certain disorders involving the immune mechanism
60,D3_SPLEENDISEASE,99,Diseases of spleen,Chapter III Diseases of the blood and blood-forming organs and certain disorders involving the immune mechanism
61,D3_THROMBOCYTOPENIANAS,554,"Thrombocytopenia, unspecified",Chapter III Diseases of the blood and blood-forming organs and certain disorders involving the immune mechanism
62,DM_NEPHROPATHY_EXMORE,510,"Diabetic nephropathy, excluding more controls","Chapter VII Diseases of the eye, adnexa, ear and mastoid process"
63,DM_NEUROPATHY,282,Diabetic neuropathy,"Chapter VII Diseases of the eye, adnexa, ear and mastoid process"
64,DUODENAL_ULCER_UNSPE_ACUTE_CHRONIC_WO_HAEMORRHAGE_PERFORATION,17,"Duodenal ulcer - Unspecified as acute or chronic, without haemorrhage or perforation, drug-induced",Chapter XI Diseases of the digestive system
65,E4_ACIDOSIS,637,Acidosis,"Chapter IV Endocrine, nutritional and metabolic diseases"
66,E4_DM2NEU,253,Type 2 diabetes with neurological complications,"Chapter IV Endocrine, nutritional and metabolic diseases"
67,E4_DM2OPTH,191,Type 2 diabetes with ophthalmic complications,"Chapter IV Endocrine, nutritional and metabolic diseases"
68,E4_DM2PERIPH,459,Type 2 diabetes with peripheral circulatory complications,"Chapter IV Endocrine, nutritional and metabolic diseases"
69,E4_DM2REN,493,Type 2 diabetes with renal complications,"Chapter IV Endocrine, nutritional and metabolic diseases"
70,E4_ENDOGLAND,380,Disorders of other endocrine glands,"Chapter IV Endocrine, nutritional and metabolic diseases"
71,E4_ENDOMETPOSTOP,110,"Postprocedural endocrine and metabolic disorders, not elsewhere classified","Chapter IV Endocrine, nutritional and metabolic diseases"
72,E4_FE_DEF,85,Iron deficiency,"Chapter IV Endocrine, nutritional and metabolic diseases"
73,E4_FLUIDELECTRO,870,"Other disorders of fluid, electrolyte and acid-base balance","Chapter IV Endocrine, nutritional and metabolic diseases"
74,E4_GLUCOPANCREAS,644,Other disorders of glucose regulation and pancreatic internal secretion,"Chapter IV Endocrine, nutritional and metabolic diseases"
75,E4_GOITREMULTINOD,6,Nontoxic multinodular goitre,"Chapter IV Endocrine, nutritional and metabolic diseases"
76,E4_GOITRENAS,5,Other and/or unspecified nontoxic goitre,"Chapter IV Endocrine, nutritional and metabolic diseases"
77,E4_HYPERKALAEMIA,793,Hyperkalaemia,"Chapter IV Endocrine, nutritional and metabolic diseases"
78,E4_HYPERLIPNAS,232,"Hyperlipidaemia, other/unspecified","Chapter IV Endocrine, nutritional and metabolic diseases"
79,E4_HYPEROSMHNAT,106,Hyperosmolality and hypernatraemia,"Chapter IV Endocrine, nutritional and metabolic diseases"
80,E4_HYPERPARA,464,Hyperparathyroidism,"Chapter IV Endocrine, nutritional and metabolic diseases"
81,E4_HYPOKALAEMIA,302,Hypokalaemia,"Chapter IV Endocrine, nutritional and metabolic diseases"
82,E4_HYPOOSMNAT,499,Hypo-osmolality and hyponatraemia,"Chapter IV Endocrine, nutritional and metabolic diseases"
83,E4_IRON_MET,82,Disorders of iron metabolism,"Chapter IV Endocrine, nutritional and metabolic diseases"
84,E4_LIPOPROT,682,Disorders of lipoprotein metabolism and other lipidaemias,"Chapter IV Endocrine, nutritional and metabolic diseases"
85,E4_LIPOPROTNAS,12,"Disorder of lipoprotein metabolism, unspecified","Chapter IV Endocrine, nutritional and metabolic diseases"
86,E4_METABOLIA,848,Metabolic disorders,"Chapter IV Endocrine, nutritional and metabolic diseases"
87,E4_MG_MET,273,Disorders of magnesium metabolism,"Chapter IV Endocrine, nutritional and metabolic diseases"
88,E4_MINERAL_MET,528,Disorders of mineral metabolism,"Chapter IV Endocrine, nutritional and metabolic diseases"
89,E4_OBESITY,76,Obesity,"Chapter IV Endocrine, nutritional and metabolic diseases"
90,E4_OBESITYNAS,76,"Obesity, other/unspecified","Chapter IV Endocrine, nutritional and metabolic diseases"
91,E4_PARATHYRO,473,Disorders of parathyroid gland,"Chapter IV Endocrine, nutritional and metabolic diseases"
92,E4_PHOS_MET,31,Disorders of phosphorus metabolism and phosphatases,"Chapter IV Endocrine, nutritional and metabolic diseases"
93,E4_PLASMAPROT,191,"Disorders of plasma-protein metabolism, not elsewhere classified","Chapter IV Endocrine, nutritional and metabolic diseases"
94,E4_THYROID,330,Disorders of the thyroid gland,"Chapter IV Endocrine, nutritional and metabolic diseases"
95,E4_VIT_B_DEF,122,Deficiency of other B group vitamins,"Chapter IV Endocrine, nutritional and metabolic diseases"
96,E4_VIT_D_DEF,205,Vitamin D deficiency,"Chapter IV Endocrine, nutritional and metabolic diseases"
97,E4_VOLUME,672,Volume depletion,"Chapter IV Endocrine, nutritional and metabolic diseases"
98,F5_ALCOHOLAC,97,Acute alcohol intoxication,"Chapter IV Endocrine, nutritional and metabolic diseases"
99,F5_ALCOHOL_DEPENDENCE,364,Alcohol dependence,"Chapter IV Endocrine, nutritional and metabolic diseases"
100,F5_ALZHDEMENT,9,Dementia in Alzheimer disease,"Chapter IV Endocrine, nutritional and metabolic diseases"
101,F5_ANXIETY,42,Other anxiety disorders,"Chapter IV Endocrine, nutritional and metabolic diseases"
102,F5_BIPO,36,Bipolar affective disorders,"Chapter IV Endocrine, nutritional and metabolic diseases"
103,F5_DELIRIUM,288,"Delirium, not induced by alcohol and other psychoactive substances","Chapter IV Endocrine, nutritional and metabolic diseases"
104,F5_DEMINOTH,7,Dementia in other diseases classified elsewhere,"Chapter IV Endocrine, nutritional and metabolic diseases"
105,F5_DEMNAS,58,Unspecified dementia,"Chapter IV Endocrine, nutritional and metabolic diseases"
106,F5_DEPRESSIO,282,Depression,"Chapter IV Endocrine, nutritional and metabolic diseases"
107,F5_DEPRESSION_DYSTHYMIA,318,Depression or dysthymia,"Chapter IV Endocrine, nutritional and metabolic diseases"
108,F5_MENTORG,5,Other mental disorders due to brain damage and dysfunction and to physical disease,"Chapter IV Endocrine, nutritional and metabolic diseases"
109,F5_PANIC,2,Panic disorder,"Chapter IV Endocrine, nutritional and metabolic diseases"
110,F5_VASCDEM,8,Vascular dementia,Chapter V Mental and behavioural disorders
111,FALLS,458,Falls/tendency to fall,Chapter VI Diseases of the nervous system
112,G6_ALS,4,Motor neuron disease,Chapter VI Diseases of the nervous system
113,G6_ALZHEIMER,11,Alzheimer disease,Chapter VI Diseases of the nervous system
114,G6_ATROPHCIRCUM,2,Circumscribed brain atrophy,Chapter VI Diseases of the nervous system
115,G6_BELLPA,9,Bell's palsy,Chapter VI Diseases of the nervous system
116,G6_CARPTU,10,Carpal tunnel syndrome,Chapter VI Diseases of the nervous system
117,G6_CERCYST,45,Cerebral cysts,Chapter VI Diseases of the nervous system
118,G6_CPETAL,145,Cerebral palsy and other paralytic syndromes,Chapter VI Diseases of the nervous system
119,G6_DEGENOTH,31,Other and unspecified degenerative diseases of nervous system,Chapter VI Diseases of the nervous system
120,G6_DISBROTHUNS,1,"Disorders of brain, other and unspecified",Chapter VI Diseases of the nervous system
121,G6_EPIPAROX,175,Episodal and paroxysmal disorders,Chapter VI Diseases of the nervous system
122,G6_EPLEPSY,80,Epilepsy,Chapter VI Diseases of the nervous system
123,G6_FACOTH,13,Other facial nerve disorders,Chapter VI Diseases of the nervous system
124,G6_HEMIPLE,171,Hemiplegia,Chapter VI Diseases of the nervous system
125,G6_HYDROCEPH,1,Hydrocephalus,Chapter VI Diseases of the nervous system
126,G6_MIGRAINE,6,Migraine,Chapter VI Diseases of the nervous system
127,G6_MS,1,MS-disease / Multiple Sclerosis,Chapter VI Diseases of the nervous system
128,G6_MYONEU,17,Diseases of the myoneural junction and muscle,Chapter VI Diseases of the nervous system
129,G6_NERPLEX,85,"Nerve, nerve root and plexus disorders",Chapter VI Diseases of the nervous system
130,G6_NEUATR,3,Systemic atrophies primarily affecting the central nervous system,Chapter VI Diseases of the nervous system
131,G6_NEUINFL,1,Inflammatory diseases of the central nervous system,Chapter VI Diseases of the nervous system
132,G6_NEUROOTH,17,Other disorders of nervous system,Chapter VI Diseases of the nervous system
133,G6_OTHNEU,106,Other neurological diseases,Chapter VI Diseases of the nervous system
134,G6_PARKINSON,20,Parkinson's disease,Chapter VI Diseases of the nervous system
135,G6_POLYOTHUNS,439,"Other and unspecified polyneuropathies, also in other diseases",Chapter VI Diseases of the nervous system
136,G6_ROOTPLEXOTHUNS,12,"Other and unspecified nerve root and plexus disorders, also in other diseases",Chapter VI Diseases of the nervous system
137,G6_SLEEPAPNO,28,Sleep apnoea,Chapter VI Diseases of the nervous system
138,G6_SLEEPDISOTH,36,Other sleep disorders,Chapter VI Diseases of the nervous system
139,G6_XTRAPYR,16,Extrapyramidal and movement disorders,Chapter VI Diseases of the nervous system
140,G6_XTRAPYROTH,3,Other extrapyramidal and movement disorders in other diseases,Chapter VI Diseases of the nervous system
141,GE,19,Generalized epilepsy,Chapter VI Diseases of the nervous system
142,GOUT_NOS,682,"Gout, unspecified",Chapter XIII Diseases of the musculoskeletal system and connective tissue
143,H7_BLINDANDVISIMPAIRMENT,28,Visual impairment including blindness (binocular or monocular),"Chapter VII Diseases of the eye, adnexa, ear and mastoid process"
144,H7_CATARACTOTHER,73,Other cataract,"Chapter VII Diseases of the eye, adnexa, ear and mastoid process"
145,H7_CATARACTSENILE,19,Senile cataract,"Chapter VII Diseases of the eye, adnexa, ear and mastoid process"
146,H7_CHOROIDRETINA,114,Disorders of choroid and retina,"Chapter VII Diseases of the eye, adnexa, ear and mastoid process"
147,H7_CONJUNCTIVITISACUNONATOPIC,3,"Conjunctivitis (acute, non atopic)","Chapter VII Diseases of the eye, adnexa, ear and mastoid process"
148,H7_EYEOTH,3,Other disorders of eye and adnexa,"Chapter VII Diseases of the eye, adnexa, ear and mastoid process"
149,H7_RETINALDETACHOTH,1,"Other, unspecified and serous retinal detachments","Chapter VII Diseases of the eye, adnexa, ear and mastoid process"
150,H7_RETINANAS,2,Other specified and unspecified retinal disorders,"Chapter VII Diseases of the eye, adnexa, ear and mastoid process"
151,H7_VISDISTNAS,4,Other and unspecified visual disturbances,"Chapter VII Diseases of the eye, adnexa, ear and mastoid process"
152,H7_VISUDISTURB,5,Visual disturbances,"Chapter VII Diseases of the eye, adnexa, ear and mastoid process"
153,H8_HL_NAS,49,Other specified/unspecified hearing loss,Chapter VIII Diseases of the ear and mastoid process
154,H8_OTHEREAR,62,Other disorders of ear,Chapter VIII Diseases of the ear and mastoid process
155,I9_ABAORTANEUR,119,Abdominal aortic aneurysm (AAA),Chapter IX Diseases of the circulatory system
156,I9_AF,549,Atrial fibrillation and flutter,Chapter IX Diseases of the circulatory system
157,I9_ANGINA,287,Angina pectoris,Chapter IX Diseases of the circulatory system
158,I9_AORTANEUR,119,Aortic aneurysm,Chapter IX Diseases of the circulatory system
159,I9_ARTEMBTHRLOW,187,Arterial embolism and thrombosis of lower extremity artery,Chapter IX Diseases of the circulatory system
160,I9_ARTEMBTHRNAS,241,Other arterial embolism and thrombosis,Chapter IX Diseases of the circulatory system
161,I9_ARTOTH,366,Other diseases of arteries and capillaries,Chapter IX Diseases of the circulatory system
162,I9_ATHSCLE,431,"Atherosclerosis, excluding cerebral and coronary sclerosis",Chapter IX Diseases of the circulatory system
163,I9_AVBLOCK,110,AV-block,Chapter IX Diseases of the circulatory system
164,I9_CARDARR,471,Cardiac arrest,Chapter IX Diseases of the circulatory system
165,I9_CARDMYO,85,Cardiomyopathy,Chapter IX Diseases of the circulatory system
166,I9_CARDMYOOTH,84,"Cardiomyopathy, other and unspecified",Chapter IX Diseases of the circulatory system
167,I9_CEREBATHER,3,Cerebral atherosclerosis,Chapter IX Diseases of the circulatory system
168,I9_CEREBDOTH,268,"Other specified cerebrovascular diseases, other cerebrovascular disorders in diseases classified elsewhere",Chapter IX Diseases of the circulatory system
169,I9_CHD,305,Major coronary heart disease event,Chapter IX Diseases of the circulatory system
170,I9_CONDUCTIO,384,Conduction disorders,Chapter IX Diseases of the circulatory system
171,I9_CORATHER,507,Coronary atherosclerosis,Chapter IX Diseases of the circulatory system
172,I9_ENDOCARD,39,Endocarditis,Chapter IX Diseases of the circulatory system
173,I9_HEARTFAIL,737,"Heart failure, strict",Chapter IX Diseases of the circulatory system
174,I9_HYPOTE,597,Hypotension,Chapter IX Diseases of the circulatory system
175,I9_HYPTENSESS,718,"Hypertension, essential",Chapter IX Diseases of the circulatory system
176,I9_HYPTENS,707,Hypertension,Chapter IX Diseases of the circulatory system
177,I9_HYPTENSPUL,519,"Hypertension, Pulmonary Arterial",Chapter IX Diseases of the circulatory system
178,I9_HYPTENSRD,871,Hypertensive Renal Disease,Chapter IX Diseases of the circulatory system
179,I9_IHD,455,"Ischaemic heart disease, wide definition",Chapter IX Diseases of the circulatory system
180,I9_K_CARDIAC,636,Death due to cardiac causes,Chapter IX Diseases of the circulatory system
181,I9_LBBB,249,Left bundle-branch block,Chapter IX Diseases of the circulatory system
182,I9_LYMPHOTH,32,Other noninfective disorders of lymphatic vessels and lymph nodes,Chapter IX Diseases of the circulatory system
183,I9_MI_STRICT,380,"Myocardial infarction, strict",Chapter IX Diseases of the circulatory system
184,I9_OTHANEUR,10,Other aneurysm,Chapter IX Diseases of the circulatory system
185,I9_OTHARR,121,Other arrhythmias,Chapter IX Diseases of the circulatory system
186,I9_OTHILLHEART,535,Other or ill-defined heart diseases,Chapter IX Diseases of the circulatory system
187,I9_OTHOTH,454,Other other unspecified disorders of the circulatory system,Chapter IX Diseases of the circulatory system
188,I9_OTHPER,477,Other peripheral vascular diseases,Chapter IX Diseases of the circulatory system
189,I9_PAROXTAC,219,Paroxysmal tachycardia,Chapter IX Diseases of the circulatory system
190,I9_PERICAOTH,48,Other diseases of pericardium,Chapter IX Diseases of the circulatory system
191,I9_PHLETHROMBDVTLOW,141,DVT of lower extremities,Chapter IX Diseases of the circulatory system
192,I9_PHLETHROM,101,Phlebitis and thrombophlebitis (not including DVT),Chapter IX Diseases of the circulatory system
193,I9_PULMEMB,126,Pulmonary embolism,Chapter IX Diseases of the circulatory system
194,I9_RBBB,187,Right bundle-branch block,Chapter IX Diseases of the circulatory system
195,I9_RHEUVALV,371,Rheumatic valve diseases,Chapter IX Diseases of the circulatory system
196,I9_SECONDRIGHT,590,Secondary right heart disease,Chapter IX Diseases of the circulatory system
197,I9_SEQULAE,257,Sequelae of cerebrovascular disease,Chapter IX Diseases of the circulatory system
198,I9_STR,212,"Stroke, excluding SAH",Chapter IX Diseases of the circulatory system
199,I9_THAORTANEUR,3,Thoracic aortic aneurysm,Chapter IX Diseases of the circulatory system
200,I9_THROMBOTH,3,Other embolism and thrombosis,Chapter IX Diseases of the circulatory system
201,I9_TIA,5,Transient ischemic attack,Chapter IX Diseases of the circulatory system
202,I9_UAP,20,Unstable angina pectoris,Chapter IX Diseases of the circulatory system
203,I9_VARICVE,51,Varicose veins,Chapter IX Diseases of the circulatory system
204,I9_VARICVEOES,521,Oesophageal varices,Chapter IX Diseases of the circulatory system
205,I9_VASCINT,4,Vascular diseases of the intestine,Chapter IX Diseases of the circulatory system
206,I9_VEINSOTH,44,Other disorders of veins,Chapter IX Diseases of the circulatory system
207,I9_VTE,222,Venous thromboembolism,Chapter IX Diseases of the circulatory system
208,ILD,482,Interstitial lung disease,Chapter X Diseases of the respiratory system
209,INFLUENZA,234,All influenza (not pneumonia),Chapter X Diseases of the respiratory system
210,IPF,424,Idiopathic pulmonary fibrosis,Chapter X Diseases of the respiratory system
211,J10_ACUTELOWERNAS,592,Unspecified acute lower respiratory infection,Chapter X Diseases of the respiratory system
212,J10_ACUTEUPPERINFEC,21,Acute upper respiratory infections of multiple and unspecified sites,Chapter X Diseases of the respiratory system
213,J10_ASTHMA_EXMORE,258,"Asthma, excluding more controls",Chapter X Diseases of the respiratory system
214,J10_BRONCHIECTASIS,374,Bronchiectasis,Chapter X Diseases of the respiratory system
215,J10_BRONCH,2,"Bronchitis, not specified as acute or chronic",Chapter X Diseases of the respiratory system
216,J10_EMPHYSEMA,365,Emphysema,Chapter X Diseases of the respiratory system
217,J10_EXTERLUNG,218,Lung diseases due to external agents,Chapter X Diseases of the respiratory system
218,J10_INFLUENZA,239,All influenza,Chapter X Diseases of the respiratory system
219,J10_INFLUPNEU,832,Influenza and pneumonia,Chapter X Diseases of the respiratory system
220,J10_LOWCHRON,497,Chronic lower respiratory diseases,Chapter X Diseases of the respiratory system
221,J10_LOWERINF,595,Other acute lower respiratory infections,Chapter X Diseases of the respiratory system
222,J10_NASALPOLYP,8,Nasal polyp,Chapter X Diseases of the respiratory system
223,J10_PHARYNGITIS,4,Acute pharyngitis,Chapter X Diseases of the respiratory system
224,J10_PLEURA,783,Other diseases of pleura,Chapter X Diseases of the respiratory system
225,J10_PLEUREFFUSION,615,Pleural effusion,Chapter X Diseases of the respiratory system
226,J10_PLEUROTH,13,Other pleural conditions,Chapter X Diseases of the respiratory system
227,J10_PLEURPLAGUE,48,Pleural plaque,Chapter X Diseases of the respiratory system
228,J10_PNEUMONISOLLIQ,191,Pneumonitis due to solids and liquids,Chapter X Diseases of the respiratory system
229,J10_PNEUMOTHORAX,11,Pneumothorax,Chapter X Diseases of the respiratory system
230,J10_PULMOEDEMA,269,Pulmonary oedema,Chapter X Diseases of the respiratory system
231,J10_UPPERDIS,1,Other diseases of upper respiratory tract,Chapter X Diseases of the respiratory system
232,J10_UPPERINFEC,21,Acute upper respiratory infections,Chapter X Diseases of the respiratory system
233,J10_VIRALPNEUMO,157,Viral pneumonia,Chapter X Diseases of the respiratory system
234,JOINTPAIN,265,Pain in joint,Chapter XIII Diseases of the musculoskeletal system and connective tissue
235,K11_ABSCANAL,1,Abscess of anal and rectal regions,Chapter XI Diseases of the digestive system
236,K11_ACUTGASTR,15,Acute gastritis,Chapter XI Diseases of the digestive system
237,K11_ACUTPANC,34,Acute pancreatitis,Chapter XI Diseases of the digestive system
238,K11_ADHE,1,Intestinal adhesions without obstruction,Chapter XI Diseases of the digestive system
239,K11_ALCOLIV,458,Alcoholic liver disease,Chapter XI Diseases of the digestive system
240,K11_BARRET,45,Barrett oesophagus,Chapter XI Diseases of the digestive system
241,K11_BILIAOTH,36,Other diseases of biliary tract,Chapter XI Diseases of the digestive system
242,K11_CHOLANGI,40,"Cholangitis (primary sclerosing, PSC)",Chapter XI Diseases of the digestive system
243,K11_CHOLANGI_STRICT,33,"Cholangitis (primary sclerosing, PSC), with reimbursement 202",Chapter XI Diseases of the digestive system
244,K11_CHOLECYST,25,Cholecystitis,Chapter XI Diseases of the digestive system
245,K11_CHOLELITH,291,Cholelithiasis,Chapter XI Diseases of the digestive system
246,K11_CHRONGASTR,46,Chronic gastritis,Chapter XI Diseases of the digestive system
247,K11_CHRONPANC,17,Chronic pancreatitis,Chapter XI Diseases of the digestive system
248,K11_COELIAC,264,Coeliac disease,Chapter XI Diseases of the digestive system
249,K11_CONSTIPATION,265,Constipation,Chapter XI Diseases of the digestive system
250,K11_DIAHER,176,Diaphragmatic hernia,Chapter XI Diseases of the digestive system
251,K11_DISLIVOTH,572,Other diseases of liver,Chapter XI Diseases of the digestive system
252,K11_DIVERTIC,245,Diverticular disease of intestine,Chapter XI Diseases of the digestive system
253,K11_DULC,117,Duodenal ulcer,Chapter XI Diseases of the digestive system
254,K11_ENERCOLNONINF,293,Noninfective enteritis and colitis,Chapter XI Diseases of the digestive system
255,K11_FIBROCHIRLIV,658,Fibrosis and cirrhosis of liver,Chapter XI Diseases of the digestive system
256,K11_FISTULA,2,Colonic or urogenital fistula,Chapter XI Diseases of the digestive system
257,K11_FUNCDYSP,5,Functional dyspepsia,Chapter XI Diseases of the digestive system
258,K11_GASTRODUOULC,203,Gastroduodenal ulcer,Chapter XI Diseases of the digestive system
259,K11_GULC,86,Gastric ulcer,Chapter XI Diseases of the digestive system
260,K11_HAEMORR,18,Haemorrhoids and perianal venous thrombosis,Chapter XI Diseases of the digestive system
261,K11_HEPFAIL,364,"Hepatic failure, not elsewhere classified",Chapter XI Diseases of the digestive system
262,K11_HERING,5,Inguinal hernia,Chapter XI Diseases of the digestive system
263,K11_HERNIA,129,Hernia,Chapter XI Diseases of the digestive system
264,K11_IBS,18,Irritable bowel syndrome,Chapter XI Diseases of the digestive system
265,K11_ILEUS,140,Paralytic ileus and intestinal obstruction,Chapter XI Diseases of the digestive system
266,K11_IMPACT,5,Impaction of intestines,Chapter XI Diseases of the digestive system
267,K11_INTESTOTH,338,Other diseases of intestines,Chapter XI Diseases of the digestive system
268,K11_LIVER,647,Diseases of liver,Chapter XI Diseases of the digestive system
269,K11_MALABSORB,254,Intestinal malabsorption,Chapter XI Diseases of the digestive system
270,K11_OESITIS,139,Oesophagitis,Chapter XI Diseases of the digestive system
271,K11_OESOBST,10,Oesophageal obstruction,Chapter XI Diseases of the digestive system
272,K11_OESSTODUO,376,"Diseases of oesophagus, stomach and duodenum",Chapter XI Diseases of the digestive system
273,K11_OESULC,31,Ulcer of oesophagus,Chapter XI Diseases of the digestive system
274,K11_ORAL,12,"Diseases of oral cavity, salivary glands and jaws",Chapter XI Diseases of the digestive system
275,K11_OTHANRECT,50,Other diseases of anus and rectum,Chapter XI Diseases of the digestive system
276,K11_OTHDIG,363,Diseases of the digestive system,Chapter XI Diseases of the digestive system
277,K11_OTHDISDIG,268,Other diseases of the digestive system,Chapter XI Diseases of the digestive system
278,K11_OTHDISOES,136,Other diseases of oesophagus,Chapter XI Diseases of the digestive system
279,K11_OTHDISSTOMDUOD,328,Other diseases of stomach and duodenum,Chapter XI Diseases of the digestive system
280,K11_OTHENTERCOL,294,Other noninfective gastroenteritis and colitis,Chapter XI Diseases of the digestive system
281,K11_OTHFUNC,324,Other functional intestinal disorders,Chapter XI Diseases of the digestive system
282,K11_OTHGASTR,372,Other gastritis (incl. Duodenitis),Chapter XI Diseases of the digestive system
283,K11_OTHILEUS,102,"Other or unspecified ileus, impaction or obstruction",Chapter XI Diseases of the digestive system
284,K11_OTHINFLIV,344,Other inflammatory liver diseases,Chapter XI Diseases of the digestive system
285,K11_OTHINT,173,Other diseases of intestine,Chapter XI Diseases of the digestive system
286,K11_OTHPERITON,4,Other diseases of peritoneum,Chapter XI Diseases of the digestive system
287,K11_PANCOTH,88,Other diseases of pancreas,Chapter XI Diseases of the digestive system
288,K11_PERITONITIS,290,Acute peritonitis,Chapter XI Diseases of the digestive system
289,K11_PERITON,114,Diseases of peritoneum,Chapter XI Diseases of the digestive system
290,K11_POSTOPDIS,3,"Postprocedural disorders of digestive system, not elsewhere classified",Chapter XI Diseases of the digestive system
291,K11_REFLUX,186,Gastro-oesophageal reflux disease,Chapter XI Diseases of the digestive system
292,K11_STOMATITIS,5,Stomatitis and related lesions,Chapter XI Diseases of the digestive system
293,K11_UMBHER,2,Umbilical hernia,Chapter XI Diseases of the digestive system
294,K11_VASCINT,68,Vascular disorders of the intestines,Chapter XI Diseases of the digestive system
295,K11_VENTHER,16,Ventral hernia,Chapter XI Diseases of the digestive system
296,K11_VOLVU,1,Volvulus,Chapter XI Diseases of the digestive system
297,KRA_PSY_ANXIETY_EXMORE,149,"Anxiety disorders, excluding more controls",Chapter V Mental and behavioural disorders
298,KRA_PSY_ANYMENTAL,479,Any mental disorder,Chapter V Mental and behavioural disorders
299,KRA_PSY_SCHIZODEL_EXMORE,5,"Schizophrenia or delusion, excluding more controls",Chapter V Mental and behavioural disorders
300,KRA_PSY_SUBSTANCE_EXMORE,460,"Substance abuse, excluding more controls",Chapter V Mental and behavioural disorders
301,L12_ABSCESS_CUT,2,"Cutaneous abscess, furuncle and carbuncle",Chapter XII Diseases of the skin and subcutaneous tissue
302,L12_ACTINKERA,2,Actinic keratosis,Chapter XII Diseases of the skin and subcutaneous tissue
303,L12_CELLULITIS,448,Cellulitis,Chapter XII Diseases of the skin and subcutaneous tissue
304,L12_DECUBITANSULCERANDPRESSURE,477,Decubitus ulcer and pressure area,Chapter XII Diseases of the skin and subcutaneous tissue
305,L12_DERMATITISECZEMA,187,Dermatitis and eczema,Chapter XII Diseases of the skin and subcutaneous tissue
306,L12_DERMATITISNAS,38,Dermatitis,Chapter XII Diseases of the skin and subcutaneous tissue
307,L12_INFECT_SKIN,445,Infections of the skin and subcutaneous tissue,Chapter XII Diseases of the skin and subcutaneous tissue
308,L12_INTERNALSUBSTANCEDERM,5,Dermatitis due to substances taken internally,Chapter XII Diseases of the skin and subcutaneous tissue
309,L12_LUPUS,128,Lupus erythematosus,Chapter XII Diseases of the skin and subcutaneous tissue
310,L12_NAILDIS,1,Nail disorders,Chapter XII Diseases of the skin and subcutaneous tissue
311,L12_OTHERCONTACT,75,Other contact dermatitis,Chapter XII Diseases of the skin and subcutaneous tissue
312,L12_OTHERDISSKINANDSUBCUTIS,11,"Other disorders of skin and subcutaneous tissue, not elsewhere classified",Chapter XII Diseases of the skin and subcutaneous tissue
313,L12_OTHERSKINSUBCUTIS,399,Other disorders of skin and subcutaneous tissue,Chapter XII Diseases of the skin and subcutaneous tissue
314,L12_PAPULOSQUAMOUS,26,Papulosquamous disorders,Chapter XII Diseases of the skin and subcutaneous tissue
315,L12_PRURITUS,6,Pruritus,Chapter XII Diseases of the skin and subcutaneous tissue
316,L12_PSORIASIS,21,Psoriasis,Chapter XII Diseases of the skin and subcutaneous tissue
317,L12_PSORI_NAS,14,Other and unspecified psoriasis,Chapter XII Diseases of the skin and subcutaneous tissue
318,L12_SKINSUBCUTISNAS,3,Other and unspecified disorders of skin and subcutaneous tissue,Chapter XII Diseases of the skin and subcutaneous tissue
319,L12_ULCERLOWLIMB,544,"Ulcer of lower limb, not elsewhere classified",Chapter XII Diseases of the skin and subcutaneous tissue
320,M13_ARTHROPATHIES,386,Arthropathies,Chapter XIII Diseases of the musculoskeletal system and connective tissue
321,M13_ARTHROSIS_KNEE,89,Gonarthrosis,Chapter XIII Diseases of the musculoskeletal system and connective tissue
322,M13_ARTHROSIS,264,Arthrosis,Chapter XIII Diseases of the musculoskeletal system and connective tissue
323,M13_ARTHROSIS_OTH,357,Other arthrosis,Chapter XIII Diseases of the musculoskeletal system and connective tissue
324,M13_ARTHROSIS_POLY,81,Polyarthrosis,Chapter XIII Diseases of the musculoskeletal system and connective tissue
325,M13_ARTHTROSIS_COX,40,Coxarthrosis,Chapter XIII Diseases of the musculoskeletal system and connective tissue
326,M13_ARTHTROSIS_COX_PRIM_ICD10,3,"Coxarthrosis, primary",Chapter XIII Diseases of the musculoskeletal system and connective tissue
327,M13_BONECONTINUITY,11,Disorders of continuity of bone,Chapter XIII Diseases of the musculoskeletal system and connective tissue
328,M13_BONEDENSOTH,73,Other disorders of bone density and structure,Chapter XIII Diseases of the musculoskeletal system and connective tissue
329,M13_BURSOPATHY,1,Other bursopathies,Chapter XIII Diseases of the musculoskeletal system and connective tissue
330,M13_CERVICALGIA,50,Cervicalgia,Chapter XIII Diseases of the musculoskeletal system and connective tissue
331,M13_CERVICDISC,7,Cervical disc disorders,Chapter XIII Diseases of the musculoskeletal system and connective tissue
332,M13_CRYSTALARTH,9,Other crystal arthropathies,Chapter XIII Diseases of the musculoskeletal system and connective tissue
333,M13_DEFORMDORSO,26,Deforming dorsopathies,Chapter XIII Diseases of the musculoskeletal system and connective tissue
334,M13_DORSALGIANAS,146,Other/unspecified dorsalgia,Chapter XIII Diseases of the musculoskeletal system and connective tissue
335,M13_DORSOPATHY,203,Dorsopathies,Chapter XIII Diseases of the musculoskeletal system and connective tissue
336,M13_DORSOPATHYOTH,166,"Other dorsopathies, not elsewhere classified",Chapter XIII Diseases of the musculoskeletal system and connective tissue
337,M13_DUPUTRYEN,2,Palmar fascial fibromatosis [Dupuytren],Chapter XIII Diseases of the musculoskeletal system and connective tissue
338,M13_FIBROBLASTIC,3,Fibroblastic disorders,Chapter XIII Diseases of the musculoskeletal system and connective tissue
339,M13_FIBROMYALGIA,31,Fibromyalgia,Chapter XIII Diseases of the musculoskeletal system and connective tissue
340,M13_GOUT,704,Gout,Chapter XIII Diseases of the musculoskeletal system and connective tissue
341,M13_HALLUXVALGUS,3,Hallux valgus (acquired),Chapter XIII Diseases of the musculoskeletal system and connective tissue
342,M13_HAMMERTOE,2,Other hammer toe(s) (acquired),Chapter XIII Diseases of the musculoskeletal system and connective tissue
343,M13_INTERVERTEB,31,Other intervertebral disc disorders,Chapter XIII Diseases of the musculoskeletal system and connective tissue
344,M13_KNEEDERANGEMENTS,4,Internal derangement of knee,Chapter XIII Diseases of the musculoskeletal system and connective tissue
345,M13_KYPHOSIS,19,Kyphosis,Chapter XIII Diseases of the musculoskeletal system and connective tissue
346,M13_LIMBPAIN,106,Pain in limb,Chapter XIII Diseases of the musculoskeletal system and connective tissue
347,M13_LOWBACKPAIN,107,Low back pain,Chapter XIII Diseases of the musculoskeletal system and connective tissue
348,M13_MENISCUSDERANGEMENTS,3,Meniscus derangement,Chapter XIII Diseases of the musculoskeletal system and connective tissue
349,M13_MUSCLEDISNAS,10,Other specified disorders of muscle,Chapter XIII Diseases of the musculoskeletal system and connective tissue
350,M13_MUSCLE,35,Disorders of muscles,Chapter XIII Diseases of the musculoskeletal system and connective tissue
351,M13_MUSCULOSKELEOTH,6,Other disorders of the musculoskeletal system and connective tissue,Chapter XIII Diseases of the musculoskeletal system and connective tissue
352,M13_MYALGIA,1,Myalgia,Chapter XIII Diseases of the musculoskeletal system and connective tissue
353,M13_NEURALGIA,1,"Neuralgia and neuritis, unspecified",Chapter XIII Diseases of the musculoskeletal system and connective tissue
354,M13_OSTEOCHONDRO,390,Osteopathies and chondropathies,Chapter XIII Diseases of the musculoskeletal system and connective tissue
355,M13_OSTEOMYELITIS,180,Osteomyelitis,Chapter XIII Diseases of the musculoskeletal system and connective tissue
356,M13_OSTEOPOROSIS,288,Osteoporosis,Chapter XIII Diseases of the musculoskeletal system and connective tissue
357,M13_OTHERJOINT,194,Other joint disorders,Chapter XIII Diseases of the musculoskeletal system and connective tissue
358,M13_POLYARTHROPATHIES,597,Polyarthropathies,Chapter XIII Diseases of the musculoskeletal system and connective tissue
359,M13_POLYMYALGIA,3,Polymyalgia rheumatica,Chapter XIII Diseases of the musculoskeletal system and connective tissue
360,M13_POSTOPMUSCULOSKE,21,"Postprocedural musculoskeletal disorders, not elsewhere classified",Chapter XIII Diseases of the musculoskeletal system and connective tissue
361,M13_PSORIARTH,42,Psoriatic arthropathies,Chapter XIII Diseases of the musculoskeletal system and connective tissue
362,M13_RHEUMA,359,Rheumatoid arthritis,Chapter XIII Diseases of the musculoskeletal system and connective tissue
363,M13_ROTATORCUFF,1,Rotator cuff syndrome,Chapter XIII Diseases of the musculoskeletal system and connective tissue
364,M13_SCIATICA,8,Sciatica+with lumbago,Chapter XIII Diseases of the musculoskeletal system and connective tissue
365,M13_SCOLIOSIS,13,Scoliosis,Chapter XIII Diseases of the musculoskeletal system and connective tissue
366,M13_SHOULDER,1,Shoulder lesions,Chapter XIII Diseases of the musculoskeletal system and connective tissue
367,M13_SJOGREN,233,Sicca syndrome [Sjgren],Chapter XIII Diseases of the musculoskeletal system and connective tissue
368,M13_SOFTOVERUSE,4,"Soft tissue disorders related to use, overuse and pressure",Chapter XIII Diseases of the musculoskeletal system and connective tissue
369,M13_SOFTTISSUE,188,Soft tissue disorders,Chapter XIII Diseases of the musculoskeletal system and connective tissue
370,M13_SOFTTISSUENAS,231,Other specified/unspecified soft tissue disorders,Chapter XIII Diseases of the musculoskeletal system and connective tissue
371,M13_SOFTTISSUEOTH,282,"Other soft tissue disorders, not elsewhere classified",Chapter XIII Diseases of the musculoskeletal system and connective tissue
372,M13_SPINSTENOSIS,53,Spinal stenosis,Chapter XIII Diseases of the musculoskeletal system and connective tissue
373,M13_SPONDYLOLISTHESIS,2,Spondylolisthesis/Spondylolysis,Chapter XIII Diseases of the musculoskeletal system and connective tissue
374,M13_SPONDYLOPATHY,153,Spondylopathies,Chapter XIII Diseases of the musculoskeletal system and connective tissue
375,M13_SPONDYLOSIS,110,Spondylosis,Chapter XIII Diseases of the musculoskeletal system and connective tissue
376,M13_TOEDEFORMOTH,3,Other deformities of toe(s),Chapter XIII Diseases of the musculoskeletal system and connective tissue
377,M13_TRIGGERFINGER,1,Trigger finger,Chapter XIII Diseases of the musculoskeletal system and connective tissue
378,M13_TROCHANTERICBURSITIS,2,Trochanteric bursitis,Chapter XIII Diseases of the musculoskeletal system and connective tissue
379,M13_VERTEBCOLLAPSE,4,"Collapsed vertebra, not elsewhere classified",Chapter XIII Diseases of the musculoskeletal system and connective tissue
380,MIGRAINE_UNSPE,1,"Migraine, unspecified, drug-induced",Chapter VI Diseases of the nervous system
381,N14_ABNORMALBLEED,1,Other abnormal uterine and vaginal bleeding,Chapter XIV Diseases of the genitourinary system
382,N14_ACUTERENFAIL,1068,Acute renal failure,Chapter XIV Diseases of the genitourinary system
383,N14_CALCUKIDUR,14,Calculus of kidney and ureter,Chapter XIV Diseases of the genitourinary system
384,N14_CALCULOWER,1,Calculus of lower urinary tract,Chapter XIV Diseases of the genitourinary system
385,N14_CHRONEPHROPATH,729,Chronic nephritic syndrome,Chapter XIV Diseases of the genitourinary system
386,N14_CHRONKIDNEYDIS,1091,Chronic kidney disease,Chapter XIV Diseases of the genitourinary system
387,N14_CYSTITIS,1,Cystitis,Chapter XIV Diseases of the genitourinary system
388,N14_CYSTKID,110,Cyst of kidney,Chapter XIV Diseases of the genitourinary system
389,N14_DIALYSIS,877,Dialysis,Chapter XIV Diseases of the genitourinary system
390,N14_ENDOMETRIOSIS,5,Endometriosis,Chapter XIV Diseases of the genitourinary system
391,N14_ENDOMETRIOSIS_UTERUS,4,Adenomyosis (Endometriosis of uterus),Chapter XIV Diseases of the genitourinary system
392,N14_FEMALEGENNONINF,21,Noninflammatory disorders of female genital tract,Chapter XIV Diseases of the genitourinary system
393,N14_FEMGENPROL,9,Female genital prolapse,Chapter XIV Diseases of the genitourinary system
394,N14_GENITOUROTH,1,Other disorders of the genitourinary system,Chapter XIV Diseases of the genitourinary system
395,N14_GLOMEINOTH,623,Glomerular disorders in diseases classified elsewhere,Chapter XIV Diseases of the genitourinary system
396,N14_HYDROCELE,1,Hydrocele,Chapter XIV Diseases of the genitourinary system
397,N14_HYDRONEPHR,159,Hydronephrosis,Chapter XIV Diseases of the genitourinary system
398,N14_KIDUROTH,438,Other disorders of kidney and ureter,Chapter XIV Diseases of the genitourinary system
399,N14_MALEGEN,5,Diseases of male genital organs,Chapter XIV Diseases of the genitourinary system
400,N14_MENORRHAGIA,17,Menorrhagia,Chapter XIV Diseases of the genitourinary system
401,N14_MENSIRREG,1,Irregular menses,Chapter XIV Diseases of the genitourinary system
402,N14_MESNRUIRREG,16,"Excessive, frequent and irregular menstruation",Chapter XIV Diseases of the genitourinary system
403,N14_NEUROMUSCDYSBLADD,2,Neuromuscular dysfunction of bladder,Chapter XIV Diseases of the genitourinary system
404,N14_OBSTRUREFLUROPATH,254,Other obstructive and reflux uropathy,Chapter XIV Diseases of the genitourinary system
405,N14_OTHBLADD,14,Other disorders of  bladder,Chapter XIV Diseases of the genitourinary system
406,N14_OTHDISMALEGEN,1,Other disorders of male genital organs,Chapter XIV Diseases of the genitourinary system
407,N14_OTHETNASKIDUR,302,Other specified disorders of kidney and ureter,Chapter XIV Diseases of the genitourinary system
408,N14_OTHNONINFUTER,1,"Other noninflammatory disorders of uterus, except cervix",Chapter XIV Diseases of the genitourinary system
409,N14_POLYPFEMGEN,6,Polyp of the female genital tract,Chapter XIV Diseases of the genitourinary system
410,N14_PROSTAOTH,2,Other disorders of prostate,Chapter XIV Diseases of the genitourinary system
411,N14_PROSTATITIS,2,Inflammatory diseases of prostate (prostatitis),Chapter XIV Diseases of the genitourinary system
412,N14_PROSTHYPERPLA,5,Hyperplasia of prostate,Chapter XIV Diseases of the genitourinary system
413,N14_RECURANDPERHEAMATUR,185,Recurrent and persistent haematuria,Chapter XIV Diseases of the genitourinary system
414,N14_RENALTUB,1117,Renal tubulo-interstitial diseases,Chapter XIV Diseases of the genitourinary system
415,N14_RENFAILNAS,603,Unspecified kidney failure,Chapter XIV Diseases of the genitourinary system
416,N14_TUBULOINTNEPHRNAS,255,"Tubulo-interstitial nephritis, not specified as acute or chronic",Chapter XIV Diseases of the genitourinary system
417,N14_URETHRALSTRICT,16,Urethral stricture,Chapter XIV Diseases of the genitourinary system
418,N14_URETHRAOTH,528,Other disorders of urethra and urinary system,Chapter XIV Diseases of the genitourinary system
419,N14_URINOTH,427,Other diseases of urinary system,Chapter XIV Diseases of the genitourinary system
420,NAFLD,431,Nonalcoholic fatty liver disease,Chapter XI Diseases of the digestive system
421,NEURODEGOTH,120,Other degenerative diseases of the nervous system,Chapter VI Diseases of the nervous system
422,PRIM_KNEEARTHROSIS,1,"Primary gonarthrosis, bilateral",Chapter XIII Diseases of the musculoskeletal system and connective tissue
423,RHEUMA_NOS,300,Other/unspecified rheumatoid arthritis,Chapter XIII Diseases of the musculoskeletal system and connective tissue
424,RHEUMA_OTHER_WIDE,299,"Other (seronegative) rheumatoid arthritis, wide",Chapter XIII Diseases of the musculoskeletal system and connective tissue
425,RHEUMA_SERONEG,10,Seronegative rheumatoid arthritis,Chapter XIII Diseases of the musculoskeletal system and connective tissue
426,RHEUMA_SEROPOS_OTH,59,Other/unspecified seropositive rheumatoid arthritis,Chapter XIII Diseases of the musculoskeletal system and connective tissue
427,RHEUMA_SEROPOS_WIDE,72,"Seropositive rheumatoid arthritis, wide",Chapter XIII Diseases of the musculoskeletal system and connective tissue
428,SFN,17,Small fibre neuropathy,Chapter VI Diseases of the nervous system
429,SMOKING_DEPEND,425,Smoking dependency,Chapter V Mental and behavioural disorders
430,SPONDYLOARTHRITIS,1,Spondyloarthritis,Chapter XIII Diseases of the musculoskeletal system and connective tissue
431,ULCERNAS,15,"Ulcerative colitis, NAS",Chapter XI Diseases of the digestive system
432,VD_U,10,Vascular dementia (undefined),Chapter VI Diseases of the nervous system
433,VIRALPNEUMONAS,88,"Viral pneumonia (unknown virus, not influenza)",Chapter X Diseases of the respiratory system
434,VOCALCORDDYS,9,Vocal cord dysfunction,Chapter X Diseases of the respiratory system
