Disease_category,Disease,Protein,Protein_definition,method,nsnp,OR [95% CI],Pvalue,QTL_type
Chapter XIII Diseases of the musculoskeletal system and connective tissue,M13_DORSOPATHYOTH,FETUB,Fetuin-B,Inverse variance weighted,27,1.12 [1.04-1.21],0.00412743761451552,trans
Chapter XIII Diseases of the musculoskeletal system and connective tissue,M13_DORSOPATHYOTH,EGFR,Epidermal growth factor receptor,Inverse variance weighted,27,1.12 [1.03-1.22],0.0106613298953407,trans
Chapter XIII Diseases of the musculoskeletal system and connective tissue,M13_DORSOPATHYOTH,PRELP,Prolargin,Inverse variance weighted,27,1.1 [1.02-1.19],0.0139017537245648,trans
Chapter XIII Diseases of the musculoskeletal system and connective tissue,M13_DORSOPATHYOTH,HAVCR1,Hepatitis A virus cellular receptor 1,Inverse variance weighted,27,1.08 [1.02-1.16],0.0149775231937433,trans
Chapter XIII Diseases of the musculoskeletal system and connective tissue,M13_DORSOPATHYOTH,IFI30,Gamma-interferon-inducible lysosomal thiol reductase,Inverse variance weighted,27,1.12 [1.02-1.22],0.0156109591017655,trans
Chapter XIII Diseases of the musculoskeletal system and connective tissue,M13_DORSOPATHYOTH,TNFRSF10A,Tumor necrosis factor receptor superfamily member 10A,Inverse variance weighted,27,1.09 [1.01-1.17],0.0213997729477222,trans
Chapter XIII Diseases of the musculoskeletal system and connective tissue,M13_DORSOPATHYOTH,SPINK4,Serine protease inhibitor Kazal-type 4,Inverse variance weighted,27,0.92 [0.86-0.99],0.0221152141292124,trans
Chapter XIII Diseases of the musculoskeletal system and connective tissue,M13_DORSOPATHYOTH,NHLRC3,NHL repeat-containing protein 3,Inverse variance weighted,27,1.12 [1.02-1.23],0.0222504250265701,trans
Chapter XIII Diseases of the musculoskeletal system and connective tissue,M13_DORSOPATHYOTH,VWC2,Brorin,Inverse variance weighted,27,1.09 [1.01-1.17],0.0229432094025105,trans
Chapter XIII Diseases of the musculoskeletal system and connective tissue,M13_DORSOPATHYOTH,CD300E,CMRF35-like molecule 2,Inverse variance weighted,27,1.11 [1.01-1.21],0.032285247768143,trans
Chapter XIII Diseases of the musculoskeletal system and connective tissue,M13_DORSOPATHYOTH,APOH,Beta-2-glycoprotein 1,Inverse variance weighted,27,1.08 [1.01-1.17],0.0326550372422401,trans
Chapter XIII Diseases of the musculoskeletal system and connective tissue,M13_DORSOPATHYOTH,CTSL,Cathepsin L1,Inverse variance weighted,27,1.11 [1.01-1.22],0.0379238453912729,trans
Chapter XIII Diseases of the musculoskeletal system and connective tissue,M13_DORSOPATHYOTH,GFRA1,GDNF family receptor alpha-1,Inverse variance weighted,27,1.08 [1-1.17],0.0384021805612026,trans
Chapter XIII Diseases of the musculoskeletal system and connective tissue,M13_DORSOPATHYOTH,ASGR1,Asialoglycoprotein receptor 1,Inverse variance weighted,27,1.09 [1-1.19],0.0522016261269645,trans
Chapter XIII Diseases of the musculoskeletal system and connective tissue,M13_DORSOPATHYOTH,NTproBNP,N-terminal prohormone of brain natriuretic peptide,Inverse variance weighted,27,0.93 [0.86-1],0.0537992817554631,trans
Chapter XIII Diseases of the musculoskeletal system and connective tissue,M13_DORSOPATHYOTH,IL18R1,Interleukin-18 receptor 1,Inverse variance weighted,27,1.07 [1-1.14],0.0685362021050148,trans
Chapter XIII Diseases of the musculoskeletal system and connective tissue,M13_DORSOPATHYOTH,TNFRSF19,Tumor necrosis factor receptor superfamily member 19,Inverse variance weighted,27,0.93 [0.87-1.01],0.069206278861806,trans
Chapter XIII Diseases of the musculoskeletal system and connective tissue,M13_DORSOPATHYOTH,COL9A1,Collagen alpha-1(IX) chain,Inverse variance weighted,27,1.14 [0.98-1.32],0.0868297249229898,trans
Chapter XIII Diseases of the musculoskeletal system and connective tissue,M13_DORSOPATHYOTH,PTN,Pleiotrophin,Inverse variance weighted,27,1.09 [0.98-1.21],0.0969649349635325,trans
Chapter XIII Diseases of the musculoskeletal system and connective tissue,M13_DORSOPATHYOTH,DCN,Decorin,Inverse variance weighted,27,1.07 [0.99-1.15],0.0970609278083475,trans
Chapter XIII Diseases of the musculoskeletal system and connective tissue,M13_DORSOPATHYOTH,CRELD1,Protein disulfide isomerase CRELD1,Inverse variance weighted,27,1.06 [0.99-1.14],0.0973328376284858,trans
Chapter XIII Diseases of the musculoskeletal system and connective tissue,M13_DORSOPATHYOTH,B4GALT1,"Beta-1,4-galactosyltransferase 1",Inverse variance weighted,27,1.07 [0.99-1.16],0.0990716735702361,trans
Chapter XIII Diseases of the musculoskeletal system and connective tissue,M13_DORSOPATHYOTH,SIRPB1,Signal-regulatory protein beta-1,Inverse variance weighted,27,1.07 [0.98-1.17],0.107979019962852,trans
Chapter XIII Diseases of the musculoskeletal system and connective tissue,M13_DORSOPATHYOTH,CSF1,Macrophage colony-stimulating factor 1,Inverse variance weighted,27,1.09 [0.98-1.21],0.118805196932955,trans
Chapter XIII Diseases of the musculoskeletal system and connective tissue,M13_DORSOPATHYOTH,SELENOP,Selenoprotein P,Inverse variance weighted,27,1.07 [0.98-1.16],0.12055223383508,trans
Chapter XIII Diseases of the musculoskeletal system and connective tissue,M13_DORSOPATHYOTH,FGFR2,Fibroblast growth factor receptor 2,Inverse variance weighted,27,1.06 [0.98-1.14],0.125004791727589,trans
Chapter XIII Diseases of the musculoskeletal system and connective tissue,M13_DORSOPATHYOTH,EDA2R,Tumor necrosis factor receptor superfamily member 27,Inverse variance weighted,27,1.06 [0.98-1.15],0.125851261116384,trans
Chapter XIII Diseases of the musculoskeletal system and connective tissue,M13_DORSOPATHYOTH,TNFRSF14,Tumor necrosis factor receptor superfamily member 14,Inverse variance weighted,27,1.06 [0.98-1.15],0.131531199955441,trans
Chapter XIII Diseases of the musculoskeletal system and connective tissue,M13_DORSOPATHYOTH,PALM,Paralemmin-1,Inverse variance weighted,27,1.07 [0.98-1.17],0.131545704110814,trans
Chapter XIII Diseases of the musculoskeletal system and connective tissue,M13_DORSOPATHYOTH,MMP12,Macrophage metalloelastase,Inverse variance weighted,27,1.06 [0.98-1.15],0.134720997686939,trans
Chapter XIII Diseases of the musculoskeletal system and connective tissue,M13_DORSOPATHYOTH,PALM2,Paralemmin-2,Inverse variance weighted,27,1.07 [0.98-1.16],0.137031894794775,trans
Chapter XIII Diseases of the musculoskeletal system and connective tissue,M13_DORSOPATHYOTH,PPY,Pancreatic prohormone,Inverse variance weighted,27,0.93 [0.84-1.02],0.14054999124802,trans
Chapter XIII Diseases of the musculoskeletal system and connective tissue,M13_DORSOPATHYOTH,LGALS3,Galectin-3,Inverse variance weighted,27,1.05 [0.98-1.13],0.146008777513676,trans
Chapter XIII Diseases of the musculoskeletal system and connective tissue,M13_DORSOPATHYOTH,TNFRSF1B,Tumor necrosis factor receptor superfamily member 1B,Inverse variance weighted,27,1.07 [0.97-1.18],0.150134906315529,trans
Chapter XIII Diseases of the musculoskeletal system and connective tissue,M13_DORSOPATHYOTH,TREM2,Triggering receptor expressed on myeloid cells 2,Inverse variance weighted,27,1.07 [0.97-1.18],0.155349696019039,trans
Chapter XIII Diseases of the musculoskeletal system and connective tissue,M13_DORSOPATHYOTH,PIGR,Polymeric immunoglobulin receptor,Inverse variance weighted,27,1.06 [0.98-1.15],0.166507722142563,trans
Chapter XIII Diseases of the musculoskeletal system and connective tissue,M13_DORSOPATHYOTH,CCL7,C-C motif chemokine 7,Inverse variance weighted,27,1.07 [0.97-1.17],0.169996827397153,trans
Chapter XIII Diseases of the musculoskeletal system and connective tissue,M13_DORSOPATHYOTH,ACAN,Aggrecan core protein,Inverse variance weighted,27,1.32 [0.88-1.96],0.174597586802533,trans
Chapter XIII Diseases of the musculoskeletal system and connective tissue,M13_DORSOPATHYOTH,CA12,Carbonic anhydrase 12,Inverse variance weighted,27,1.06 [0.98-1.14],0.176881412349895,trans
Chapter XIII Diseases of the musculoskeletal system and connective tissue,M13_DORSOPATHYOTH,MSLN,Mesothelin,Inverse variance weighted,27,1.06 [0.98-1.14],0.180263460418857,trans
Chapter XIII Diseases of the musculoskeletal system and connective tissue,M13_DORSOPATHYOTH,ELN,Elastin,Inverse variance weighted,27,0.96 [0.9-1.02],0.18226964042533,trans
Chapter XIII Diseases of the musculoskeletal system and connective tissue,M13_DORSOPATHYOTH,AGR2,Anterior gradient protein 2 homolog,Inverse variance weighted,27,0.93 [0.85-1.03],0.187013631148368,trans
Chapter XIII Diseases of the musculoskeletal system and connective tissue,M13_DORSOPATHYOTH,PDCD1LG2,Programmed cell death 1 ligand 2,Inverse variance weighted,27,1.05 [0.98-1.12],0.18812831385553,trans
Chapter XIII Diseases of the musculoskeletal system and connective tissue,M13_DORSOPATHYOTH,IL1RN,Interleukin-1 receptor antagonist protein,Inverse variance weighted,27,1.05 [0.97-1.14],0.195584950318777,trans
Chapter XIII Diseases of the musculoskeletal system and connective tissue,M13_DORSOPATHYOTH,ALPP,"Alkaline phosphatase, placental type",Inverse variance weighted,27,0.94 [0.85-1.04],0.21302064423151,trans
Chapter XIII Diseases of the musculoskeletal system and connective tissue,M13_DORSOPATHYOTH,MERTK,Tyrosine-protein kinase Mer,Inverse variance weighted,27,1.05 [0.97-1.14],0.218818906959914,trans
Chapter XIII Diseases of the musculoskeletal system and connective tissue,M13_DORSOPATHYOTH,FSTL1,Follistatin-related protein 1,Inverse variance weighted,27,1.05 [0.97-1.15],0.223788151321391,trans
Chapter XIII Diseases of the musculoskeletal system and connective tissue,M13_DORSOPATHYOTH,GDF15,Growth/differentiation factor 15,Inverse variance weighted,27,1.04 [0.97-1.12],0.22875863445123,trans
Chapter XIII Diseases of the musculoskeletal system and connective tissue,M13_DORSOPATHYOTH,WFIKKN1,"WAP, Kazal, immunoglobulin, Kunitz and NTR domain-containing protein 1",Inverse variance weighted,27,0.95 [0.88-1.03],0.230883024106338,trans
Chapter XIII Diseases of the musculoskeletal system and connective tissue,M13_DORSOPATHYOTH,KLK4,Kallikrein-4,Inverse variance weighted,27,0.96 [0.89-1.03],0.232497711479129,trans
Chapter XIII Diseases of the musculoskeletal system and connective tissue,M13_DORSOPATHYOTH,RNF149,E3 ubiquitin-protein ligase RNF149,Inverse variance weighted,27,1.05 [0.97-1.14],0.236173171100887,trans
Chapter XIII Diseases of the musculoskeletal system and connective tissue,M13_DORSOPATHYOTH,CD276,CD276 antigen,Inverse variance weighted,27,1.04 [0.97-1.11],0.239189572740343,trans
Chapter XIII Diseases of the musculoskeletal system and connective tissue,M13_DORSOPATHYOTH,LTA4H,Leukotriene A-4 hydrolase,Inverse variance weighted,27,1.06 [0.96-1.16],0.239664355414861,trans
Chapter XIII Diseases of the musculoskeletal system and connective tissue,M13_DORSOPATHYOTH,EFCAB14,EF-hand calcium-binding domain-containing protein 14,Inverse variance weighted,27,0.95 [0.88-1.03],0.243190858662228,trans
Chapter XIII Diseases of the musculoskeletal system and connective tissue,M13_DORSOPATHYOTH,TFF1,Trefoil factor 1,Inverse variance weighted,27,1.05 [0.97-1.13],0.243283213709838,trans
Chapter XIII Diseases of the musculoskeletal system and connective tissue,M13_DORSOPATHYOTH,PLA2G15,Phospholipase A2 group XV,Inverse variance weighted,27,1.05 [0.96-1.15],0.248133940527905,trans
Chapter XIII Diseases of the musculoskeletal system and connective tissue,M13_DORSOPATHYOTH,LRP11,Low-density lipoprotein receptor-related protein 11,Inverse variance weighted,27,1.04 [0.97-1.12],0.249069775823989,trans
Chapter XIII Diseases of the musculoskeletal system and connective tissue,M13_DORSOPATHYOTH,SMOC1,SPARC-related modular calcium-binding protein 1,Inverse variance weighted,27,1.04 [0.97-1.12],0.25586230074072,trans
Chapter XIII Diseases of the musculoskeletal system and connective tissue,M13_DORSOPATHYOTH,SPON2,Spondin-2,Inverse variance weighted,27,0.92 [0.79-1.07],0.262502955637402,trans
Chapter XIII Diseases of the musculoskeletal system and connective tissue,M13_DORSOPATHYOTH,LRRC25,Leucine-rich repeat-containing protein 25,Inverse variance weighted,27,1.06 [0.96-1.16],0.264238204892398,trans
Chapter XIII Diseases of the musculoskeletal system and connective tissue,M13_DORSOPATHYOTH,FGL1,Fibrinogen-like protein 1,Inverse variance weighted,27,1.05 [0.97-1.13],0.267938883638827,trans
Chapter XIII Diseases of the musculoskeletal system and connective tissue,M13_DORSOPATHYOTH,XG,Glycoprotein Xg,Inverse variance weighted,27,1.03 [0.97-1.1],0.271470715370481,trans
Chapter XIII Diseases of the musculoskeletal system and connective tissue,M13_DORSOPATHYOTH,MMP7,Matrilysin,Inverse variance weighted,27,1.04 [0.97-1.13],0.274797069317692,trans
Chapter XIII Diseases of the musculoskeletal system and connective tissue,M13_DORSOPATHYOTH,CLEC3B,Tetranectin,Inverse variance weighted,27,1.04 [0.96-1.13],0.284583283037354,trans
Chapter XIII Diseases of the musculoskeletal system and connective tissue,M13_DORSOPATHYOTH,SIGLEC1,Sialoadhesin,Inverse variance weighted,27,1.05 [0.96-1.16],0.284957261906275,trans
Chapter XIII Diseases of the musculoskeletal system and connective tissue,M13_DORSOPATHYOTH,CHCHD10,"Coiled-coil-helix-coiled-coil-helix domain-containing protein 10, mitochondrial",Inverse variance weighted,27,1.04 [0.96-1.13],0.285728112928668,trans
Chapter XIII Diseases of the musculoskeletal system and connective tissue,M13_DORSOPATHYOTH,RBFOX3,RNA binding protein fox-1 homolog 3,Inverse variance weighted,27,1.05 [0.96-1.14],0.286559677396017,trans
Chapter XIII Diseases of the musculoskeletal system and connective tissue,M13_DORSOPATHYOTH,HAVCR2,Hepatitis A virus cellular receptor 2,Inverse variance weighted,27,1.06 [0.96-1.17],0.288059693900475,trans
Chapter XIII Diseases of the musculoskeletal system and connective tissue,M13_DORSOPATHYOTH,REG3A,Regenerating islet-derived protein 3-alpha,Inverse variance weighted,27,1.04 [0.96-1.13],0.291136431226622,trans
Chapter XIII Diseases of the musculoskeletal system and connective tissue,M13_DORSOPATHYOTH,ALDH3A1,"Aldehyde dehydrogenase, dimeric NADP-preferring",Inverse variance weighted,27,1.04 [0.96-1.13],0.300787005814406,trans
Chapter XIII Diseases of the musculoskeletal system and connective tissue,M13_DORSOPATHYOTH,CD74,HLA class II histocompatibility antigen gamma chain,Inverse variance weighted,27,1.05 [0.96-1.14],0.302673429164719,trans
Chapter XIII Diseases of the musculoskeletal system and connective tissue,M13_DORSOPATHYOTH,TNFRSF1A,Tumor necrosis factor receptor superfamily member 1A,Inverse variance weighted,27,1.04 [0.96-1.14],0.312060058753419,trans
Chapter XIII Diseases of the musculoskeletal system and connective tissue,M13_DORSOPATHYOTH,CCL15,C-C motif chemokine 15,Inverse variance weighted,27,0.97 [0.9-1.03],0.312843067835149,trans
Chapter XIII Diseases of the musculoskeletal system and connective tissue,M13_DORSOPATHYOTH,IL10RB,Interleukin-10 receptor subunit beta,Inverse variance weighted,27,1.05 [0.95-1.16],0.318323854383092,trans
Chapter XIII Diseases of the musculoskeletal system and connective tissue,M13_DORSOPATHYOTH,CTSZ,Cathepsin Z,Inverse variance weighted,27,1.04 [0.96-1.13],0.336098074786778,trans
Chapter XIII Diseases of the musculoskeletal system and connective tissue,M13_DORSOPATHYOTH,NT5C1A,Cytosolic 5'-nucleotidase 1A,Inverse variance weighted,27,1.04 [0.96-1.12],0.337897394238104,trans
Chapter XIII Diseases of the musculoskeletal system and connective tissue,M13_DORSOPATHYOTH,DLL1,Delta-like protein 1,Inverse variance weighted,27,1.05 [0.95-1.15],0.338913243999226,trans
Chapter XIII Diseases of the musculoskeletal system and connective tissue,M13_DORSOPATHYOTH,TNFRSF12A,Tumor necrosis factor receptor superfamily member 12A,Inverse variance weighted,27,1.05 [0.95-1.16],0.340331206524631,trans
Chapter XIII Diseases of the musculoskeletal system and connective tissue,M13_DORSOPATHYOTH,AREG,Amphiregulin,Inverse variance weighted,27,0.96 [0.88-1.05],0.344298044762757,trans
Chapter XIII Diseases of the musculoskeletal system and connective tissue,M13_DORSOPATHYOTH,CD83,CD83 antigen,Inverse variance weighted,27,1.04 [0.96-1.14],0.352574923210186,trans
Chapter XIII Diseases of the musculoskeletal system and connective tissue,M13_DORSOPATHYOTH,CCL21,C-C motif chemokine 21,Inverse variance weighted,27,0.95 [0.85-1.06],0.356903090291955,trans
Chapter XIII Diseases of the musculoskeletal system and connective tissue,M13_DORSOPATHYOTH,SCARB2,Lysosome membrane protein 2,Inverse variance weighted,27,1.04 [0.96-1.13],0.358504130939327,trans
Chapter XIII Diseases of the musculoskeletal system and connective tissue,M13_DORSOPATHYOTH,POMC,Pro-opiomelanocortin,Inverse variance weighted,27,1.04 [0.95-1.15],0.35883569890526,trans
Chapter XIII Diseases of the musculoskeletal system and connective tissue,M13_DORSOPATHYOTH,IGFBPL1,Insulin-like growth factor-binding protein-like 1,Inverse variance weighted,27,0.97 [0.9-1.04],0.3632462411904,trans
Chapter XIII Diseases of the musculoskeletal system and connective tissue,M13_DORSOPATHYOTH,LGALS1,Galectin-1,Inverse variance weighted,27,1.04 [0.96-1.13],0.365737263715703,trans
Chapter XIII Diseases of the musculoskeletal system and connective tissue,M13_DORSOPATHYOTH,AMBP,Protein AMBP,Inverse variance weighted,27,1.04 [0.96-1.13],0.371437991692284,trans
Chapter XIII Diseases of the musculoskeletal system and connective tissue,M13_DORSOPATHYOTH,TGFBR2,TGF-beta receptor type-2,Inverse variance weighted,27,1.04 [0.96-1.12],0.371491294421741,trans
Chapter XIII Diseases of the musculoskeletal system and connective tissue,M13_DORSOPATHYOTH,DCBLD2,"Discoidin, CUB and LCCL domain-containing protein 2",Inverse variance weighted,27,1.04 [0.95-1.14],0.376903320688462,trans
Chapter XIII Diseases of the musculoskeletal system and connective tissue,M13_DORSOPATHYOTH,ADAM12,Disintegrin and metalloproteinase domain-containing protein 12,Inverse variance weighted,27,0.96 [0.89-1.05],0.378831391460685,trans
Chapter XIII Diseases of the musculoskeletal system and connective tissue,M13_DORSOPATHYOTH,GP2,Pancreatic secretory granule membrane major glycoprotein GP2,Inverse variance weighted,27,0.97 [0.9-1.04],0.3824320176211,trans
Chapter XIII Diseases of the musculoskeletal system and connective tissue,M13_DORSOPATHYOTH,IL1RL1,Interleukin-1 receptor-like 1,Inverse variance weighted,27,0.97 [0.9-1.04],0.388657522312404,trans
Chapter XIII Diseases of the musculoskeletal system and connective tissue,M13_DORSOPATHYOTH,CPM,Carboxypeptidase M,Inverse variance weighted,27,1.04 [0.95-1.13],0.399810411996759,trans
Chapter XIII Diseases of the musculoskeletal system and connective tissue,M13_DORSOPATHYOTH,LAYN,Layilin,Inverse variance weighted,27,0.96 [0.88-1.05],0.407983345461791,trans
Chapter XIII Diseases of the musculoskeletal system and connective tissue,M13_DORSOPATHYOTH,NECTIN2,Nectin-2,Inverse variance weighted,27,1.03 [0.95-1.12],0.410338153915651,trans
Chapter XIII Diseases of the musculoskeletal system and connective tissue,M13_DORSOPATHYOTH,CD27,CD27 antigen,Inverse variance weighted,27,1.04 [0.95-1.14],0.420674667137902,trans
Chapter XIII Diseases of the musculoskeletal system and connective tissue,M13_DORSOPATHYOTH,LMNB2,Lamin-B2,Inverse variance weighted,27,1.04 [0.95-1.14],0.421735067282616,trans
Chapter XIII Diseases of the musculoskeletal system and connective tissue,M13_DORSOPATHYOTH,ADAM9,Disintegrin and metalloproteinase domain-containing protein 9,Inverse variance weighted,27,1.03 [0.95-1.12],0.429959315262252,trans
Chapter XIII Diseases of the musculoskeletal system and connective tissue,M13_DORSOPATHYOTH,FABP1,"Fatty acid-binding protein, liver",Inverse variance weighted,27,1.03 [0.95-1.12],0.431826062468085,trans
Chapter XIII Diseases of the musculoskeletal system and connective tissue,M13_DORSOPATHYOTH,GPRC5C,G-protein coupled receptor family C group 5 member C,Inverse variance weighted,27,0.96 [0.87-1.06],0.433577315455284,trans
Chapter XIII Diseases of the musculoskeletal system and connective tissue,M13_DORSOPATHYOTH,VSIG4,V-set and immunoglobulin domain-containing protein 4,Inverse variance weighted,27,1.03 [0.95-1.12],0.434143359402319,trans
Chapter XIII Diseases of the musculoskeletal system and connective tissue,M13_DORSOPATHYOTH,OSCAR,Osteoclast-associated immunoglobulin-like receptor,Inverse variance weighted,27,1.04 [0.95-1.13],0.435219522357774,trans
Chapter XIII Diseases of the musculoskeletal system and connective tissue,M13_DORSOPATHYOTH,CD4,T-cell surface glycoprotein CD4,Inverse variance weighted,27,1.04 [0.95-1.14],0.435561131617045,trans
Chapter XIII Diseases of the musculoskeletal system and connective tissue,M13_DORSOPATHYOTH,COL18A1,Collagen alpha-1(XVIII) chain,Inverse variance weighted,27,1.04 [0.94-1.14],0.447302669666987,trans
Chapter XIII Diseases of the musculoskeletal system and connective tissue,M13_DORSOPATHYOTH,IL15,Interleukin-15,Inverse variance weighted,27,0.97 [0.89-1.05],0.45145178823298,trans
Chapter XIII Diseases of the musculoskeletal system and connective tissue,M13_DORSOPATHYOTH,TNFSF13B,Tumor necrosis factor ligand superfamily member 13B,Inverse variance weighted,27,1.03 [0.95-1.13],0.470598233719679,trans
Chapter XIII Diseases of the musculoskeletal system and connective tissue,M13_DORSOPATHYOTH,NCR3LG1,Natural cytotoxicity triggering receptor 3 ligand 1,Inverse variance weighted,27,1.03 [0.95-1.11],0.48637687328495,trans
Chapter XIII Diseases of the musculoskeletal system and connective tissue,M13_DORSOPATHYOTH,IL4R,Interleukin-4 receptor subunit alpha,Inverse variance weighted,27,1.03 [0.95-1.11],0.495179900778051,trans
Chapter XIII Diseases of the musculoskeletal system and connective tissue,M13_DORSOPATHYOTH,CRIM1,Cysteine-rich motor neuron 1 protein,Inverse variance weighted,27,1.03 [0.94-1.13],0.495618926004985,trans
Chapter XIII Diseases of the musculoskeletal system and connective tissue,M13_DORSOPATHYOTH,SEMA3F,Semaphorin-3F,Inverse variance weighted,27,1.03 [0.94-1.12],0.497193696148143,trans
Chapter XIII Diseases of the musculoskeletal system and connective tissue,M13_DORSOPATHYOTH,EFNA1,Ephrin-A1,Inverse variance weighted,27,1.04 [0.93-1.16],0.50149413735705,trans
Chapter XIII Diseases of the musculoskeletal system and connective tissue,M13_DORSOPATHYOTH,IL18BP,Interleukin-18-binding protein,Inverse variance weighted,27,1.04 [0.93-1.15],0.502552271512812,trans
Chapter XIII Diseases of the musculoskeletal system and connective tissue,M13_DORSOPATHYOTH,YAP1,Transcriptional coactivator YAP1,Inverse variance weighted,27,1.03 [0.95-1.1],0.50629370197009,trans
Chapter XIII Diseases of the musculoskeletal system and connective tissue,M13_DORSOPATHYOTH,CELA2A,Chymotrypsin-like elastase family member 2A,Inverse variance weighted,27,0.96 [0.85-1.08],0.507861259050042,trans
Chapter XIII Diseases of the musculoskeletal system and connective tissue,M13_DORSOPATHYOTH,CTSO,Cathepsin O,Inverse variance weighted,27,0.97 [0.89-1.06],0.518377324353712,trans
Chapter XIII Diseases of the musculoskeletal system and connective tissue,M13_DORSOPATHYOTH,CD302,CD302 antigen,Inverse variance weighted,27,1.03 [0.95-1.12],0.520498948297134,trans
Chapter XIII Diseases of the musculoskeletal system and connective tissue,M13_DORSOPATHYOTH,HPGDS,Hematopoietic prostaglandin D synthase,Inverse variance weighted,27,0.98 [0.91-1.05],0.539806899848473,trans
Chapter XIII Diseases of the musculoskeletal system and connective tissue,M13_DORSOPATHYOTH,ACVRL1,Serine/threonine-protein kinase receptor R3,Inverse variance weighted,27,1.03 [0.94-1.12],0.5463892718391,trans
Chapter XIII Diseases of the musculoskeletal system and connective tissue,M13_DORSOPATHYOTH,LILRB4,Leukocyte immunoglobulin-like receptor subfamily B member 4,Inverse variance weighted,27,0.98 [0.91-1.05],0.548286599523176,trans
Chapter XIII Diseases of the musculoskeletal system and connective tissue,M13_DORSOPATHYOTH,OCLN,Occludin,Inverse variance weighted,27,0.98 [0.9-1.06],0.549128464275048,trans
Chapter XIII Diseases of the musculoskeletal system and connective tissue,M13_DORSOPATHYOTH,ACE2,Angiotensin-converting enzyme 2,Inverse variance weighted,27,1.02 [0.95-1.1],0.552914381611402,trans
Chapter XIII Diseases of the musculoskeletal system and connective tissue,M13_DORSOPATHYOTH,LAMP3,Lysosome-associated membrane glycoprotein 3,Inverse variance weighted,27,1.03 [0.93-1.14],0.555656790842864,trans
Chapter XIII Diseases of the musculoskeletal system and connective tissue,M13_DORSOPATHYOTH,TFF3,Trefoil factor 3,Inverse variance weighted,27,0.97 [0.89-1.07],0.557714435237027,trans
Chapter XIII Diseases of the musculoskeletal system and connective tissue,M13_DORSOPATHYOTH,EPHB4,Ephrin type-B receptor 4,Inverse variance weighted,27,1.03 [0.94-1.12],0.560926802203956,trans
Chapter XIII Diseases of the musculoskeletal system and connective tissue,M13_DORSOPATHYOTH,TNFRSF4,Tumor necrosis factor receptor superfamily member 4,Inverse variance weighted,27,0.97 [0.88-1.07],0.561234711427774,trans
Chapter XIII Diseases of the musculoskeletal system and connective tissue,M13_DORSOPATHYOTH,PDZK1,Na(+)/H(+) exchange regulatory cofactor NHE-RF3,Inverse variance weighted,27,0.98 [0.9-1.06],0.562423960473766,trans
Chapter XIII Diseases of the musculoskeletal system and connective tissue,M13_DORSOPATHYOTH,MB,Myoglobin,Inverse variance weighted,27,0.98 [0.91-1.05],0.564287458672675,trans
Chapter XIII Diseases of the musculoskeletal system and connective tissue,M13_DORSOPATHYOTH,COL6A3,Collagen alpha-3(VI) chain,Inverse variance weighted,27,0.98 [0.9-1.06],0.569026028164478,trans
Chapter XIII Diseases of the musculoskeletal system and connective tissue,M13_DORSOPATHYOTH,TIMP1,Metalloproteinase inhibitor 1,Inverse variance weighted,27,1.03 [0.93-1.15],0.571222047447065,trans
Chapter XIII Diseases of the musculoskeletal system and connective tissue,M13_DORSOPATHYOTH,LTBP2,Latent-transforming growth factor beta-binding protein 2,Inverse variance weighted,27,1.03 [0.93-1.13],0.573669158486159,trans
Chapter XIII Diseases of the musculoskeletal system and connective tissue,M13_DORSOPATHYOTH,LGALS9,Galectin-9,Inverse variance weighted,27,1.03 [0.93-1.14],0.57457366739372,trans
Chapter XIII Diseases of the musculoskeletal system and connective tissue,M13_DORSOPATHYOTH,PHOSPHO1,Phosphoethanolamine/phosphocholine phosphatase,Inverse variance weighted,27,1.02 [0.95-1.11],0.576453673479114,trans
Chapter XIII Diseases of the musculoskeletal system and connective tissue,M13_DORSOPATHYOTH,CHAD,Chondroadherin,Inverse variance weighted,27,0.98 [0.9-1.06],0.589060829526375,trans
Chapter XIII Diseases of the musculoskeletal system and connective tissue,M13_DORSOPATHYOTH,BST2,Bone marrow stromal antigen 2,Inverse variance weighted,27,1.03 [0.93-1.14],0.595947780309371,trans
Chapter XIII Diseases of the musculoskeletal system and connective tissue,M13_DORSOPATHYOTH,ZBTB17,Zinc finger and BTB domain-containing protein 17,Inverse variance weighted,27,1.03 [0.93-1.13],0.597098339028919,trans
Chapter XIII Diseases of the musculoskeletal system and connective tissue,M13_DORSOPATHYOTH,RNASE4,Ribonuclease 4,Inverse variance weighted,27,1.02 [0.94-1.12],0.608261720098241,trans
Chapter XIII Diseases of the musculoskeletal system and connective tissue,M13_DORSOPATHYOTH,ASGR2,Asialoglycoprotein receptor 2,Inverse variance weighted,27,1.02 [0.94-1.11],0.612984979441061,trans
Chapter XIII Diseases of the musculoskeletal system and connective tissue,M13_DORSOPATHYOTH,NPDC1,Neural proliferation differentiation and control protein 1,Inverse variance weighted,27,1.02 [0.94-1.12],0.615756626056815,trans
Chapter XIII Diseases of the musculoskeletal system and connective tissue,M13_DORSOPATHYOTH,MAD1L1,Mitotic spindle assembly checkpoint protein MAD1,Inverse variance weighted,27,1.02 [0.94-1.11],0.623316540950682,trans
Chapter XIII Diseases of the musculoskeletal system and connective tissue,M13_DORSOPATHYOTH,ANXA10,Annexin A10,Inverse variance weighted,27,1.02 [0.94-1.11],0.630567148607179,trans
Chapter XIII Diseases of the musculoskeletal system and connective tissue,M13_DORSOPATHYOTH,CD59,CD59 glycoprotein,Inverse variance weighted,27,1.02 [0.94-1.1],0.635955581847049,trans
Chapter XIII Diseases of the musculoskeletal system and connective tissue,M13_DORSOPATHYOTH,GAST,Gastrin,Inverse variance weighted,27,1.02 [0.94-1.11],0.63657095295064,trans
Chapter XIII Diseases of the musculoskeletal system and connective tissue,M13_DORSOPATHYOTH,CD79B,B-cell antigen receptor complex-associated protein beta chain,Inverse variance weighted,27,0.98 [0.9-1.07],0.6373695358805,trans
Chapter XIII Diseases of the musculoskeletal system and connective tissue,M13_DORSOPATHYOTH,PRAP1,Proline-rich acidic protein 1,Inverse variance weighted,27,1.02 [0.93-1.12],0.639289736484417,trans
Chapter XIII Diseases of the musculoskeletal system and connective tissue,M13_DORSOPATHYOTH,ADM,Pro-adrenomedullin,Inverse variance weighted,27,0.98 [0.9-1.07],0.642325398193207,trans
Chapter XIII Diseases of the musculoskeletal system and connective tissue,M13_DORSOPATHYOTH,CHI3L1,Chitinase-3-like protein 1,Inverse variance weighted,27,1.02 [0.95-1.09],0.642888921831246,trans
Chapter XIII Diseases of the musculoskeletal system and connective tissue,M13_DORSOPATHYOTH,CHGA,Chromogranin-A,Inverse variance weighted,27,0.98 [0.91-1.06],0.648385930500678,trans
Chapter XIII Diseases of the musculoskeletal system and connective tissue,M13_DORSOPATHYOTH,EPHA2,Ephrin type-A receptor 2,Inverse variance weighted,27,0.98 [0.9-1.07],0.649348476325749,trans
Chapter XIII Diseases of the musculoskeletal system and connective tissue,M13_DORSOPATHYOTH,SMOC2,SPARC-related modular calcium-binding protein 2,Inverse variance weighted,27,1.02 [0.94-1.1],0.6542561801348,trans
Chapter XIII Diseases of the musculoskeletal system and connective tissue,M13_DORSOPATHYOTH,PLAUR,Urokinase plasminogen activator surface receptor,Inverse variance weighted,27,1.02 [0.93-1.11],0.687684212235896,trans
Chapter XIII Diseases of the musculoskeletal system and connective tissue,M13_DORSOPATHYOTH,LGALS4,Galectin-4,Inverse variance weighted,27,1.01 [0.94-1.09],0.689031724786204,trans
Chapter XIII Diseases of the musculoskeletal system and connective tissue,M13_DORSOPATHYOTH,ITGAM,Integrin alpha-M,Inverse variance weighted,27,1.02 [0.94-1.1],0.690029907544208,trans
Chapter XIII Diseases of the musculoskeletal system and connective tissue,M13_DORSOPATHYOTH,TGFA,Protransforming growth factor alpha,Inverse variance weighted,27,1.02 [0.93-1.12],0.694032679466315,trans
Chapter XIII Diseases of the musculoskeletal system and connective tissue,M13_DORSOPATHYOTH,CD99L2,CD99 antigen-like protein 2,Inverse variance weighted,27,1.02 [0.93-1.11],0.708972887508201,trans
Chapter XIII Diseases of the musculoskeletal system and connective tissue,M13_DORSOPATHYOTH,NOS1,"Nitric oxide synthase, brain",Inverse variance weighted,27,0.99 [0.91-1.06],0.714572487343895,trans
Chapter XIII Diseases of the musculoskeletal system and connective tissue,M13_DORSOPATHYOTH,WFDC2,WAP four-disulfide core domain protein 2,Inverse variance weighted,27,0.98 [0.88-1.09],0.716442250817825,trans
Chapter XIII Diseases of the musculoskeletal system and connective tissue,M13_DORSOPATHYOTH,OGN,Mimecan,Inverse variance weighted,27,1.01 [0.94-1.09],0.719457973271812,trans
Chapter XIII Diseases of the musculoskeletal system and connective tissue,M13_DORSOPATHYOTH,RELT,Tumor necrosis factor receptor superfamily member 19L,Inverse variance weighted,27,1.02 [0.92-1.12],0.719854920926679,trans
Chapter XIII Diseases of the musculoskeletal system and connective tissue,M13_DORSOPATHYOTH,EFNA4,Ephrin-A4,Inverse variance weighted,27,1.02 [0.93-1.12],0.723553562317014,trans
Chapter XIII Diseases of the musculoskeletal system and connective tissue,M13_DORSOPATHYOTH,TNFRSF10B,Tumor necrosis factor receptor superfamily member 10B,Inverse variance weighted,27,1.01 [0.93-1.1],0.727006537106752,trans
Chapter XIII Diseases of the musculoskeletal system and connective tissue,M13_DORSOPATHYOTH,TNFRSF9,Tumor necrosis factor receptor superfamily member 9,Inverse variance weighted,27,0.99 [0.91-1.07],0.7381586649673,trans
Chapter XIII Diseases of the musculoskeletal system and connective tissue,M13_DORSOPATHYOTH,RSPO3,R-spondin-3,Inverse variance weighted,27,1.02 [0.92-1.12],0.740101735012851,trans
Chapter XIII Diseases of the musculoskeletal system and connective tissue,M13_DORSOPATHYOTH,SPINT1,Kunitz-type protease inhibitor 1,Inverse variance weighted,27,1.02 [0.93-1.11],0.744254709044734,trans
Chapter XIII Diseases of the musculoskeletal system and connective tissue,M13_DORSOPATHYOTH,NPC2,NPC intracellular cholesterol transporter 2,Inverse variance weighted,27,1.01 [0.93-1.11],0.747562075495467,trans
Chapter XIII Diseases of the musculoskeletal system and connective tissue,M13_DORSOPATHYOTH,REN,Renin,Inverse variance weighted,27,1.01 [0.93-1.11],0.748685777621387,trans
Chapter XIII Diseases of the musculoskeletal system and connective tissue,M13_DORSOPATHYOTH,AGRN,Agrin,Inverse variance weighted,27,0.99 [0.91-1.07],0.750993705241513,trans
Chapter XIII Diseases of the musculoskeletal system and connective tissue,M13_DORSOPATHYOTH,CST3,Cystatin-C,Inverse variance weighted,27,0.99 [0.9-1.08],0.754898320493303,trans
Chapter XIII Diseases of the musculoskeletal system and connective tissue,M13_DORSOPATHYOTH,CLMP,CXADR-like membrane protein,Inverse variance weighted,27,1.01 [0.94-1.09],0.755596576754332,trans
Chapter XIII Diseases of the musculoskeletal system and connective tissue,M13_DORSOPATHYOTH,CKAP4,Cytoskeleton-associated protein 4,Inverse variance weighted,27,0.99 [0.9-1.08],0.755673064528285,trans
Chapter XIII Diseases of the musculoskeletal system and connective tissue,M13_DORSOPATHYOTH,FABP4,"Fatty acid-binding protein, adipocyte",Inverse variance weighted,27,0.99 [0.92-1.06],0.7559405039022,trans
Chapter XIII Diseases of the musculoskeletal system and connective tissue,M13_DORSOPATHYOTH,IGFBP4,Insulin-like growth factor-binding protein 4,Inverse variance weighted,27,0.98 [0.89-1.09],0.761595556398608,trans
Chapter XIII Diseases of the musculoskeletal system and connective tissue,M13_DORSOPATHYOTH,PGF,Placenta growth factor,Inverse variance weighted,27,0.99 [0.91-1.07],0.768970397325484,trans
Chapter XIII Diseases of the musculoskeletal system and connective tissue,M13_DORSOPATHYOTH,KRT19,"Keratin, type I cytoskeletal 19",Inverse variance weighted,27,1.01 [0.93-1.11],0.768998039677454,trans
Chapter XIII Diseases of the musculoskeletal system and connective tissue,M13_DORSOPATHYOTH,RNASE1,Ribonuclease pancreatic,Inverse variance weighted,27,1.01 [0.93-1.1],0.785686705365169,trans
Chapter XIII Diseases of the musculoskeletal system and connective tissue,M13_DORSOPATHYOTH,PRND,Prion-like protein doppel,Inverse variance weighted,27,1.01 [0.93-1.09],0.789930876997943,trans
Chapter XIII Diseases of the musculoskeletal system and connective tissue,M13_DORSOPATHYOTH,RNASET2,Ribonuclease T2,Inverse variance weighted,27,0.99 [0.92-1.07],0.797290656611221,trans
Chapter XIII Diseases of the musculoskeletal system and connective tissue,M13_DORSOPATHYOTH,TGOLN2,Trans-Golgi network integral membrane protein 2,Inverse variance weighted,27,1.01 [0.94-1.08],0.804679267887235,trans
Chapter XIII Diseases of the musculoskeletal system and connective tissue,M13_DORSOPATHYOTH,CCN3,CCN family member 3,Inverse variance weighted,27,1.01 [0.94-1.09],0.814741910550222,trans
Chapter XIII Diseases of the musculoskeletal system and connective tissue,M13_DORSOPATHYOTH,FABP3,"Fatty acid-binding protein, heart",Inverse variance weighted,27,1.01 [0.94-1.09],0.81968203584198,trans
Chapter XIII Diseases of the musculoskeletal system and connective tissue,M13_DORSOPATHYOTH,SPINK1,Serine protease inhibitor Kazal-type 1,Inverse variance weighted,27,0.99 [0.89-1.1],0.82302956251142,trans
Chapter XIII Diseases of the musculoskeletal system and connective tissue,M13_DORSOPATHYOTH,CXADR,Coxsackievirus and adenovirus receptor,Inverse variance weighted,27,0.99 [0.92-1.07],0.823630308711339,trans
Chapter XIII Diseases of the musculoskeletal system and connective tissue,M13_DORSOPATHYOTH,BRK1,Protein BRICK1,Inverse variance weighted,27,0.99 [0.91-1.08],0.825141156522688,trans
Chapter XIII Diseases of the musculoskeletal system and connective tissue,M13_DORSOPATHYOTH,PGA4,Pepsin A-4,Inverse variance weighted,27,0.99 [0.91-1.08],0.827230545748496,trans
Chapter XIII Diseases of the musculoskeletal system and connective tissue,M13_DORSOPATHYOTH,LAIR1,Leukocyte-associated immunoglobulin-like receptor 1,Inverse variance weighted,27,0.99 [0.89-1.09],0.82853119541213,trans
Chapter XIII Diseases of the musculoskeletal system and connective tissue,M13_DORSOPATHYOTH,RNASE6,Ribonuclease K6,Inverse variance weighted,27,0.99 [0.91-1.08],0.831516708758365,trans
Chapter XIII Diseases of the musculoskeletal system and connective tissue,M13_DORSOPATHYOTH,PIK3IP1,Phosphoinositide-3-kinase-interacting protein 1,Inverse variance weighted,27,1.01 [0.93-1.09],0.839308269049976,trans
Chapter XIII Diseases of the musculoskeletal system and connective tissue,M13_DORSOPATHYOTH,NEFL,Neurofilament light polypeptide,Inverse variance weighted,27,1.01 [0.93-1.09],0.84136962626789,trans
Chapter XIII Diseases of the musculoskeletal system and connective tissue,M13_DORSOPATHYOTH,NECTIN4,Nectin-4,Inverse variance weighted,27,1.01 [0.93-1.09],0.841540460507753,trans
Chapter XIII Diseases of the musculoskeletal system and connective tissue,M13_DORSOPATHYOTH,BTN2A1,Butyrophilin subfamily 2 member A1,Inverse variance weighted,27,1.01 [0.93-1.1],0.844016104235717,trans
Chapter XIII Diseases of the musculoskeletal system and connective tissue,M13_DORSOPATHYOTH,NELL1,Protein kinase C-binding protein NELL1,Inverse variance weighted,27,0.99 [0.88-1.11],0.849819668122246,trans
Chapter XIII Diseases of the musculoskeletal system and connective tissue,M13_DORSOPATHYOTH,COLEC12,Collectin-12,Inverse variance weighted,27,0.99 [0.92-1.07],0.853218689867715,trans
Chapter XIII Diseases of the musculoskeletal system and connective tissue,M13_DORSOPATHYOTH,SHISA5,Protein shisa-5,Inverse variance weighted,27,1.01 [0.92-1.11],0.853567847608412,trans
Chapter XIII Diseases of the musculoskeletal system and connective tissue,M13_DORSOPATHYOTH,PRSS8,Prostasin,Inverse variance weighted,27,1.01 [0.93-1.09],0.853722900708745,trans
Chapter XIII Diseases of the musculoskeletal system and connective tissue,M13_DORSOPATHYOTH,COL4A1,Collagen alpha-1(IV) chain,Inverse variance weighted,27,1.01 [0.91-1.12],0.878829930982322,trans
Chapter XIII Diseases of the musculoskeletal system and connective tissue,M13_DORSOPATHYOTH,MSR1,Macrophage scavenger receptor types I and II,Inverse variance weighted,27,0.99 [0.91-1.09],0.879572637889108,trans
Chapter XIII Diseases of the musculoskeletal system and connective tissue,M13_DORSOPATHYOTH,CXCL17,C-X-C motif chemokine 17,Inverse variance weighted,27,1.01 [0.93-1.08],0.884467644548164,trans
Chapter XIII Diseases of the musculoskeletal system and connective tissue,M13_DORSOPATHYOTH,FOLR1,Folate receptor alpha,Inverse variance weighted,27,0.99 [0.92-1.08],0.886594695821845,trans
Chapter XIII Diseases of the musculoskeletal system and connective tissue,M13_DORSOPATHYOTH,EPPK1,Epiplakin,Inverse variance weighted,27,0.99 [0.92-1.08],0.886806374251337,trans
Chapter XIII Diseases of the musculoskeletal system and connective tissue,M13_DORSOPATHYOTH,FAM3C,Protein FAM3C,Inverse variance weighted,27,1.01 [0.91-1.12],0.893220132773518,trans
Chapter XIII Diseases of the musculoskeletal system and connective tissue,M13_DORSOPATHYOTH,HSPB6,Heat shock protein beta-6,Inverse variance weighted,27,1 [0.93-1.07],0.899089712092225,trans
Chapter XIII Diseases of the musculoskeletal system and connective tissue,M13_DORSOPATHYOTH,NCS1,Neuronal calcium sensor 1,Inverse variance weighted,27,1 [0.93-1.07],0.904091915770058,trans
Chapter XIII Diseases of the musculoskeletal system and connective tissue,M13_DORSOPATHYOTH,TAFA5,Chemokine-like protein TAFA-5,Inverse variance weighted,27,1 [0.92-1.1],0.91299605670803,trans
Chapter XIII Diseases of the musculoskeletal system and connective tissue,M13_DORSOPATHYOTH,TNFRSF11A,Tumor necrosis factor receptor superfamily member 11A,Inverse variance weighted,27,1 [0.92-1.08],0.914265251701013,trans
Chapter XIII Diseases of the musculoskeletal system and connective tissue,M13_DORSOPATHYOTH,GPR37,Prosaposin receptor GPR37,Inverse variance weighted,27,1 [0.92-1.08],0.930133108280443,trans
Chapter XIII Diseases of the musculoskeletal system and connective tissue,M13_DORSOPATHYOTH,DTNB,Dystrobrevin beta,Inverse variance weighted,27,1 [0.92-1.08],0.932377701105445,trans
Chapter XIII Diseases of the musculoskeletal system and connective tissue,M13_DORSOPATHYOTH,MME,Neprilysin,Inverse variance weighted,27,1 [0.89-1.11],0.939221413243302,trans
Chapter XIII Diseases of the musculoskeletal system and connective tissue,M13_DORSOPATHYOTH,FSTL3,Follistatin-related protein 3,Inverse variance weighted,27,1 [0.92-1.09],0.93927116873919,trans
Chapter XIII Diseases of the musculoskeletal system and connective tissue,M13_DORSOPATHYOTH,MMP3,Stromelysin-1,Inverse variance weighted,27,1 [0.95-1.06],0.94104579007966,trans
Chapter XIII Diseases of the musculoskeletal system and connective tissue,M13_DORSOPATHYOTH,ULBP2,UL16-binding protein 2,Inverse variance weighted,27,1 [0.9-1.1],0.944810647706918,trans
Chapter XIII Diseases of the musculoskeletal system and connective tissue,M13_DORSOPATHYOTH,LTBR,Tumor necrosis factor receptor superfamily member 3,Inverse variance weighted,27,1 [0.92-1.09],0.94663588875529,trans
Chapter XIII Diseases of the musculoskeletal system and connective tissue,M13_DORSOPATHYOTH,VSIG2,V-set and immunoglobulin domain-containing protein 2,Inverse variance weighted,27,1 [0.93-1.08],0.947442264825359,trans
Chapter XIII Diseases of the musculoskeletal system and connective tissue,M13_DORSOPATHYOTH,TFF2,Trefoil factor 2,Inverse variance weighted,27,1 [0.93-1.08],0.951429140298328,trans
Chapter XIII Diseases of the musculoskeletal system and connective tissue,M13_DORSOPATHYOTH,BSG,Basigin,Inverse variance weighted,27,1 [0.91-1.09],0.974606863816967,trans
Chapter XIII Diseases of the musculoskeletal system and connective tissue,M13_DORSOPATHYOTH,LY6D,Lymphocyte antigen 6D,Inverse variance weighted,27,1 [0.93-1.08],0.977267258217824,trans
Chapter XIII Diseases of the musculoskeletal system and connective tissue,M13_DORSOPATHYOTH,SDC1,Syndecan-1,Inverse variance weighted,27,1 [0.91-1.1],0.980154355008191,trans
Chapter XIII Diseases of the musculoskeletal system and connective tissue,M13_DORSOPATHYOTH,ANGPT2,Angiopoietin-2,Inverse variance weighted,27,1 [0.9-1.1],0.985581617241306,trans
Chapter XIII Diseases of the musculoskeletal system and connective tissue,M13_DORSOPATHYOTH,REG4,Regenerating islet-derived protein 4,Inverse variance weighted,27,1 [0.89-1.12],0.992637254504894,trans
Chapter XIII Diseases of the musculoskeletal system and connective tissue,M13_DORSOPATHYOTH,NBL1,Neuroblastoma suppressor of tumorigenicity 1,Inverse variance weighted,27,1 [0.92-1.08],0.995215221678872,trans
Chapter XIII Diseases of the musculoskeletal system and connective tissue,M13_DORSOPATHYOTH,CDCP1,CUB domain-containing protein 1,Inverse variance weighted,27,1 [0.9-1.11],0.995654115758608,trans
Chapter XIII Diseases of the musculoskeletal system and connective tissue,M13_DORSOPATHYOTH,HSPG2,Basement membrane-specific heparan sulfate proteoglycan core protein,Inverse variance weighted,27,1 [0.92-1.09],0.996525278860797,trans
Chapter XIII Diseases of the musculoskeletal system and connective tissue,M13_DORSOPATHYOTH,CHCHD6,MICOS complex subunit MIC25,Inverse variance weighted,27,1 [0.92-1.08],0.998032559394269,trans
